adduct,mz,rt,name
M+H,126.0315,0.67,(2-AMINOETHYL)PHOSPHONATE
M+H-NH3,109.0049,0.67,(2-AMINOETHYL)PHOSPHONATE-NH3
M+Na,148.0134,0.67,(2-AMINOETHYL)PHOSPHONATE+Na
M+H,102.055,0.73,1-AMINOCYCLOPROPANE-1-CARBOXYLATE
M+Na,124.0369,0.73,1-AMINOCYCLOPROPANE-1-CARBOXYLATE+Na
M+Na,189.05615,6.96,1-HEXANESULFONIC ACID+Na
M+H,180.1019,4.37,"1-METHYL-6,7-DIHYDROXY-1,2,3,4-TETRAHYDROISOQUINOLINE"
M+H-NH3,163.0754,4.37,"1-METHYL-6,7-DIHYDROXY-1,2,3,4-TETRAHYDROISOQUINOLINE-NH3"
M+H,282.1197,5.61,1-METHYLADENOSINE
M+K,320.0756,5.61,1-METHYLADENOSINE+K
M+Na,304.1016,5.61,1-METHYLADENOSINE+Na
M,137.0709,0.82,1-METHYLNICOTINAMIDE
M+H,144.0808,7.93,1-NAPHTHYLAMINE
M+H-FA,311.2945,21.64,1-OLEOYL-RAC-GLYCEROL
M+Na,145.0624,6.26,1-PHENYLETHANOL+Na
M+H,152.0164,8.47,"1,2-Benzisothiazolin-3-one"
M+H,208.13281,7.47,"1,3-Benzodioxolyl-N-methylbutanamine (MBDB)"
M+H,75.0917,0.59,"1,3-DIAMINOPROPANE"
M+H,113.0597,4.13,"1,4-CYCLOHEXANEDIONE"
M+H,189.1485,8.47,10-HYDROXYDECANOATE
M+H-H2O,171.138,8.47,10-HYDROXYDECANOATE-H2O
M+H,407.2792,9.38,12-KETOCHENODEOXYCHOLIC ACID
M+H-H2O,389.2686,9.38,12-KETOCHENODEOXYCHOLIC ACID-H2O
M+Na,429.2611,9.38,12-KETOCHENODEOXYCHOLIC ACID+Na
M+H-H2O,203.1026,0.73,2-ACETAMIDO-2-DEOXY-BETA-D-GLUCOSYLAMINE-H2O
M+H-NH3,204.0866,0.73,2-ACETAMIDO-2-DEOXY-BETA-D-GLUCOSYLAMINE-NH3
M+H,104.0706,0.77,2-AMINO-2-METHYLPROPANOATE
M+Na,126.0525,0.77,2-AMINO-2-METHYLPROPANOATE+Na
M+H,134.07114,6.03,2-AMINOBENZIMIDAZOLE
M+H,142.0264,0.67,2-AMINOETHYL DIHYDROGEN PHOSPHATE
M+Na,164.0083,0.67,2-AMINOETHYL DIHYDROGEN PHOSPHATE+Na
M+H,139.04962,0.92,2-AMINONICOTINIC ACID
M+H,110.06,1.71,2-AMINOPHENOL
M+H-H2O,92.0495,1.71,2-AMINOPHENOL-H2O
M+K,203.0316,0.75,2-DEOXY-D-GLUCOSE
M+Na,187.0577,0.75,2-DEOXY-D-GLUCOSE+Na
M+H,170.04478,5.53,2-FUROYLGLYCINE
M+H,151.0423,5.59,2-HYDROXY-4-(METHYLTHIO)BUTYRIC ACID
M+H-FA,105.0369,5.59,2-HYDROXY-4-(METHYLTHIO)BUTYRIC ACID-FA
M+H,149.045,1.39,2-HYDROXYGLUTARATE
2+charge?,168.0178,1.39,2-HYDROXYGLUTARATE adduct
M+Na,171.0269,1.39,2-HYDROXYGLUTARATE+Na
M+H-H2O,131.0344,1.39,2-HYDROXYGLUTARATE+water
M+H,153.0546,7.15,2-HYDROXYPHENYLACETIC ACID
M+H-H2O,135.0441,7.15,2-HYDROXYPHENYLACETIC ACID-water
M+H,96.0444,3,2-HYDROXYPYRIDINE
M+Na,118.0263,3,2-HYDROXYPYRIDINE+Na
M+H-FA,73.0648,8.86,2-METHYLBUTANAL
M+H,246.17,6.65,2-METHYLBUTRYOYLCARNITINE
M+Na,268.1519,6.65,2-METHYLBUTRYOYLCARNITINE+Na
M+H,147.0652,6.32,2-METHYLGLUTARIC ACID
M+H-H2O,129.0546,6.32,2-METHYLGLUTARIC ACID-H2O
M+Na,169.0471,6.32,2-METHYLGLUTARIC ACID+Na
M+H,131.0339,5.1,2-METHYLMALEATE
M+H,131.0339,3.47,2-METHYLMALEATE
M+H-H2O,113.0233,5.1,2-METHYLMALEATE-H2O
M+H-H2O,113.0233,3.47,2-METHYLMALEATE-H2O
M+Na,153.0158,5.1,2-METHYLMALEATE+Na
M+Na,153.0158,3.47,2-METHYLMALEATE+Na
M+H,152.07045,6.44,2-PHENYLGLYCINE
M+H,174.055,6.3,2-QUINOLINECARBOXYLIC ACID
M+H-H2O,73.0648,8.85,"2,3-BUTANEDIOL-H2O"
,157.0469,1.4,"2,3-dihydroxyisovalerate"
M+H,153.0546,8.5,"2,4-DIHYDROXYACETOPHENONE"
M+H,165.0407,3.52,"2,4-DIHYDROXYPTERIDINE"
M+Na,187.0226,3.52,"2,4-DIHYDROXYPTERIDINE+Na"
M+H,157.0244,2.28,"2,4-DIHYDROXYPYRIMIDINE-5-CARBOXYLIC ACID"
M+H-H2O,139.0138,2.28,"2,4-DIHYDROXYPYRIMIDINE-5-CARBOXYLIC ACID-H2O"
M+Na,179.0063,2.28,"2,4-DIHYDROXYPYRIMIDINE-5-CARBOXYLIC ACID+Na"
M+H,155.0339,6.76,"2,5-DIHYDROXYBENZOATE"
M+H,109.076,0.7,"2,5-DIMETHYLPYRAZINE"
M+H,302.2325,9.09,"2,6-DIMETHYLHEPTANOYL CARNITINE"
M+H,252.1091,5.18,2'-DEOXYADENOSINE
M+K,290.065,5.18,2'-DEOXYADENOSINE+K
M+Na,274.0911,5.18,2'-DEOXYADENOSINE+Na
M+H,308.0642,1.31,2'-DEOXYCYTIDINE 5'-MONOPHOSPHATE
M+H-H2O,290.0536,1.31,2'-DEOXYCYTIDINE 5'-MONOPHOSPHATE-H2O
M+Na,330.0462,1.31,2'-DEOXYCYTIDINE 5'-MONOPHOSPHATE+Na
M+H,268.104,5.39,2'-DEOXYGUANOSINE
M+H,268.104,5,2'-DEOXYGUANOSINE
M+H,348.0704,3.32,2'-DEOXYGUANOSINE 5'-MONOPHOSPHATE
M+K,306.0599,5.39,2'-DEOXYGUANOSINE+K
M+K,306.0599,5,2'-DEOXYGUANOSINE+K
M+Na,290.086,5.39,2'-DEOXYGUANOSINE+Na
M+Na,290.086,5,2'-DEOXYGUANOSINE+Na
M+H,309.0482,1.96,2'-DEOXYURIDINE 5'-MONO-PHOS-PHATE
M+H-H2O,385.3465,32.39,24-HYDROCHOLESTEROL-H2O
M+H,167.0703,7.88,3-(2-HYDROXYPHENYL)PROPANOATE
M+H-H2O,149.0597,7.88,3-(2-HYDROXYPHENYL)PROPANOATE-H2O
M+H-H2O,163.039,6.29,3-(4-HYDROXYPHENYL)PYRUVATE-H2O
M+H,167.0703,5.25,3-(HYDROXYPHENYL) PROPIONATE
M+H-H2O,349.2373,8.59,"3-ALPHA,11-BETA,17-ALPHA,21-TETRAHYDROXY- 5-ALPHA-PREGNAN-20-ONE-H2O"
M+H-H2O,349.2373,8.11,"3-ALPHA,11-BETA,17-ALPHA,21-TETRAHYDROXY- 5-ALPHA-PREGNAN-20-ONE-H2O"
M+H,154.0499,1.57,3-AMINO-4-HYDROXYBENZOIC ACID
M+H,154.0499,1.87,3-AMINO-5-HYDROXYBENZOIC ACID
M+H,104.0706,0.83,3-AMINOISOBUTANOATE
M+H-H2O,86.06,0.83,3-AMINOISOBUTANOATE-H2O
M+Na,126.0525,0.83,3-AMINOISOBUTANOATE+Na
M+H,173.0444,1.26,3-DEHYDROSHIKIMATE
M+H-H2O,155.0339,1.26,3-DEHYDROSHIKIMATE-H2O
M+Na,195.0264,1.26,3-DEHYDROSHIKIMATE+Na
M+H,163.0601,2.93,3-HYDROXY-3-METHYLGLUTARATE
M+H-H2O,145.0495,2.93,3-HYDROXY-3-METHYLGLUTARATE-H2O
M+Na,185.042,2.93,3-HYDROXY-3-METHYLGLUTARATE+Na
M+H,154.0499,5.59,3-HYDROXYANTHRANILATE
M+H-H2O,136.0393,5.59,3-HYDROXYANTHRANILATE-H2O
M+H-NH3,137.0233,5.59,3-HYDROXYANTHRANILATE-NH3
M+H,123.0441,7.43,3-HYDROXYBENZALDEHYDE
M+H-H2O,107.0491,6.05,3-HYDROXYBENZYL ALCOHOL-H2O
M+H,105.0546,6.4,3-HYDROXYBUTANOIC ACID
M+H-H2O,87.0441,6.4,3-HYDROXYBUTANOIC ACID-H2O
M+H,360.2744,10.13,3-HYDROXYDODECANOYL CARNITINE
M+H-H2O,342.2639,11.26,3-HYDROXYDODECANOYL CARNITINE-water
M+Na,382.2564,10.13,3-HYDROXYDODECANOYL CARNITINE+Na
M+H,416.337,13.65,3-HYDROXYHEXADECANOYLCARNITINE
M+Na,438.319,11.39,3-HYDROXYHEXADECANOYLCARNITINE+Na
M+H,225.087,3.07,3-HYDROXYKYNURENINE
M+H-NH3,208.0604,3.07,3-HYDROXYKYNURENINE-NH3
M+Na,247.0689,3.07,3-HYDROXYKYNURENINE+Na
M+H-H2O,135.0441,5.23,3-HYDROXYPHENYLACETATE-H2O
M+H,176.0706,8.34,3-INDOLEACETATE
M+H-H2O,181.0495,4.72,3-METHOXY-4-HYDROXYMANDELATE-H2O
M+Na,221.042,4.72,3-METHOXY-4-HYDROXYMANDELATE+Na
M+H,212.0917,5.37,3-METHOXY-L-TYROSINE
M+H-NH3,195.0652,5.37,3-METHOXY-L-TYROSINE-NH3
M+K,250.0476,5.37,3-METHOXY-L-TYROSINE+K
M+Na,234.0737,5.37,3-METHOXY-L-TYROSINE+Na
M+H,168.1019,5.55,3-METHOXYTYRAMINE
M+H-NH3,151.0754,5.55,3-METHOXYTYRAMINE-NH3
M+H,147.0652,5.92,3-METHYGLUTARIC ACID
M+H-H2O,129.0546,5.92,3-METHYGLUTARIC ACID-NH3
M+Na,169.0471,5.92,3-METHYGLUTARIC ACID+Na
M+H,148.0757,8.08,3-METHYL-2-OXINDOLE
M+H,150.0774,1.96,3-METHYLADENINE
M+Na,172.0594,1.96,3-METHYLADENINE+Na
M+H,158.08118,5.82,3-METHYLCROTONYLGLYCINE
M+H,126.1026,0.61,3-METHYLHISTAMINE
M+H-NH3,109.076,0.61,3-METHYLHISTAMINE-NH3
M+Na,148.0845,0.61,3-METHYLHISTAMINE+Na
M+H,227.0662,5.81,3-NITRO-L-TYROSINE
M+H-NH3,210.0397,5.81,3-NITRO-L-TYROSINE-NH3
M+H,375.28888,10.86,3-OXO-5-BETA-CHOLANATE
M+H-H2O,168.9897,0.81,3-PHOSPHOGLYCERIC ACID-H2O
M+H,154.0169,0.69,3-SULFINO-L-ALANINE
M+H-H2O,136.0063,0.69,3-SULFINO-L-ALANINE-H2O
M+Na,175.9988,0.69,3-SULFINO-L-ALANINE+Na
M+H,133.0608,1.14,3-UREIDOPROPIONATE
M+H-H2O,115.0502,1.14,3-UREIDOPROPIONATE-H2O
M+Na,155.0427,1.14,3-UREIDOPROPIONATE+Na
M+H,651.7973,8.11,"3,3,5-TRIIODOTHYRONINE"
M+H,198.0761,2.19,"3,4-DIHYDROXY-L-PHENYLALANINE"
M+H-NH3,181.0495,2.19,"3,4-DIHYDROXY-L-PHENYLALANINE-NH3"
M+Na,220.058,2.19,"3,4-DIHYDROXY-L-PHENYLALANINE+Na"
M+H,155.0339,6.01,"3,4-DIHYDROXYBENZOATE"
M+H-H2O,153.0546,2.13,"3,4-DIHYDROXYPHENYL GLYCOL-H2O"
M+Na,193.0471,2.13,"3,4-DIHYDROXYPHENYL GLYCOL+Na"
M+H-H2O,151.039,2.97,"3,4-DIHYDROXYPHENYLACETATE-H2O"
M+H,151.07521,7.06,"3,4-DIMETHYLBENZOATE"
M+H,219.1745,13.83,"3,5-DI-TERT-bUTYLBENZALDEHYDE"
M+H,525.9007,8.22,"3,5-DIIODO-L-THYRONINE"
M+H,433.8745,6.87,"3,5-DIIODO-L-TYROSINE"
M+H,324.0591,1.4,3'-CMP
M+Na,346.0411,1.4,3'-CMP+Na
M+H,330.0598,5.25,"3',5'-CYCLIC AMP"
M+Na,352.0417,5.25,"3',5'-CYCLIC AMP+Na"
M+H-H2O,375.2894,10.83,"3ALPHA,12ALPHA-DIHYDROXY-5BETA-CHOLANATE-H2O"
M+H,146.0812,3.42,4-ACETAMIDOBUTANOATE
M+H-H2O,128.0706,3.42,4-ACETAMIDOBUTANOATE-H2O
M+Na,168.0631,3.42,4-ACETAMIDOBUTANOATE+Na
M+H,146.0812,3.4,4-ACETAMIDOBUTYRATE
M+H,138.055,7.21,4-AMINOBENZOATE
M+H,138.055,6.58,4-AMINOBENZOATE
M+H-H2O,120.0444,7.21,4-AMINOBENZOATE-H2O
M+H,104.0706,0.73,4-AMINOBUTANOATE (GABA)
M+H-H2O,86.06,0.73,4-AMINOBUTANOATE (GABA)-H2O
M+H-NH3,87.0441,0.73,4-AMINOBUTANOATE (GABA)-NH3
M+Na,126.0525,0.73,4-AMINOBUTANOATE (GABA)+Na
M+H,195.07699,4.25,4-Aminohippuric Acid
M+H,165.0546,7.52,4-COUMARATE
M+H-H2O,147.0441,7.52,4-COUMARATE-H2O
M+H,146.0924,1.47,4-GUANIDINOBUTANOATE
M+H-H2O,128.0818,1.47,4-GUANIDINOBUTANOATE-H2O
M+Na,168.0743,1.47,4-GUANIDINOBUTANOATE+Na
M+H,190.0499,6.4,4-HYDROXY-2-QUINOLINECARBOXYLIC ACID
M+Na,212.0318,6.4,4-HYDROXY-2-QUINOLINECARBOXYLIC ACID+Na
M+H-H2O,167.0703,5.23,4-HYDROXY-3-METHOXYPHENYLGLYCOL-H2O
M+Na,207.0628,5.23,4-HYDROXY-3-METHOXYPHENYLGLYCOL+Na
M+H,168.0655,0.78,4-HYDROXY-L-PHENYLGLYCINE
M+H-NH3,151.039,0.78,4-HYDROXY-L-PHENYLGLYCINE-NH3
M+Na,190.0475,0.78,4-HYDROXY-L-PHENYLGLYCINE+Na
M+H,132.0655,0.7,4-HYDROXY-L-PROLINE
M+Na,154.0475,0.7,4-HYDROXY-L-PROLINE+Na
M+H,123.0441,7.15,4-HYDROXYBENZALDEHYDE
M+H-H2O,105.0335,6.6,4-HYDROXYBENZALDEHYDE-H2O
M+H,139.039,6.6,4-HYDROXYBENZOATE
M+H,153.05519,7.83,4-HYDROXYPHENYLACETATE
M+H,127.0502,0.88,4-IMIDAZOLEACETIC ACID
M+Na,149.0321,0.88,4-IMIDAZOLEACETIC ACID+Na
M+H,185.0447,5.96,4-O-METHYLGALLIC ACID
M+H,184.0604,4.95,4-PYRIDOXATE
M+H-H2O,166.0499,4.95,4-PYRIDOXATE-H2O
M+Na,206.0424,4.95,4-PYRIDOXATE+Na
M+H,174.055,3.34,4-QUINOLINECARBOXYLIC ACID
M+Na,196.0369,3.34,4-QUINOLINECARBOXYLIC ACID+Na
M+H,359.1124,11.43,"4'-Hydroxy-5,6,7,8-tetramethoxyflavone"
M+H,209.0787,5.84,5-(DIHYDROXYPHENYL)-GAMMA-VALEROLACTONE
M+H,339.07,1.36,5-AMINOIMIDAZOLE-4-CARBOXAMIDE-1-BETA-D-RIBOFURANOSYL 5'-MONOPHOSPHATE
M+Na,361.052,1.36,5-AMINOIMIDAZOLE-4-CARBOXAMIDE-1-BETA-D-RIBOFURANOSYL 5'-MONOPHOSPHATE+Na
M+H,132.0655,0.78,5-AMINOLEVULINIC ACID
M+H-H2O,114.055,0.78,5-AMINOLEVULINIC ACID-H2O
M+Na,154.0475,0.78,5-AMINOLEVULINIC ACID+Na
M+H-NH3,101.0597,1.02,5-AMINOPENTANOATE-NH3
M+H,221.0921,5.61,5-HYDROXY-L-TRYPTOPHAN
M+H-NH3,204.0655,5.61,5-HYDROXY-L-TRYPTOPHAN-NH3
M+Na,243.074,5.61,5-HYDROXY-L-TRYPTOPHAN+Na
M+H,253.0808,9.69,5-HYDROXY-N-FORMYLKYNURENINE
M+H,192.0655,6.82,5-HYDROXYINDOLEACETATE
M+H,127.03875,0.71,5-Hydroxymethyl-2-furaldehyde
M+H,143.0451,1.3,5-HYDROXYMETHYLURACIL
M+H-H2O,125.0346,1.3,5-HYDROXYMETHYLURACIL-H2O
M+Na,165.0271,1.3,5-HYDROXYMETHYLURACIL+Na
M+H,126.0662,1.06,5-METHYLCYTOSINE HYDROCLORIDE
M+K,164.0221,1.06,5-METHYLCYTOSINE HYDROCLORIDE+K
M+Na,148.0481,1.06,5-METHYLCYTOSINE HYDROCLORIDE+Na
M+H,130.0499,1.73,5-OXO-D-PROLINE
M+Na,152.0318,1.73,5-OXO-D-PROLINE+Na
M+H,101.0597,7.04,5-VALEROLACTONE
M+H,101.0597,3.92,5-VALEROLACTONE
M+H,115.0502,1.24,"5,6-DIHYDROURACIL"
M+H,252.1091,5.56,5'-DEOXYADENOSINE
M+Na,274.0911,5.56,5'-DEOXYADENOSINE+Na
M+H,298.0968,6.12,5'-METHYLTHIOADENOSINE
M+Na,320.0788,6.12,5'-METHYLTHIOADENOSINE+Na
M+H,161.0808,6.54,6-CARBOXYHEXANOATE
M+H-H2O,143.0703,6.54,6-CARBOXYHEXANOATE-H2O
M+Na,183.0628,6.54,6-CARBOXYHEXANOATE+Na
M+Na,187.0577,0.86,6-DEOXY-HEXOSE+Na
M+H-H2O,147.0652,0.83,6-DEOXY-L-GALACTOSE-H2O
M+K,203.0316,0.83,6-DEOXY-L-GALACTOSE+K
M+Na,187.0577,0.83,6-DEOXY-L-GALACTOSE+Na
M+H-NH3,153.0546,5.39,6-HYDROXYDOPAMINE-NH3
M+H,140.0342,3.96,6-HYDROXYNICOTINATE
M+Na,162.0162,3.96,6-HYDROXYNICOTINATE+Na
M+H,277.0319,0.72,6-PHOSPHOGLUCONIC ACID
M+H,174.05473,6.55,6-QUINOLINCARBOXYLIC ACID
,205.0683,0.71,6C-SUGAR ALCOHOL
M+H,225.09879,6.43,7-(b-HYDROXYETHYL)THEOPHYLLINE
M+H,431.3156,11.81,7-hydroxy-3-oxo-4-cholestenoic acid
M+Na,453.2975,11.81,7-hydroxy-3-oxo-4-cholestenoic acid+Na
M+H,391.2843,10.48,7-KETOCHENODEOXYCHOLIC ACID
M+H-H2O,373.2737,10.48,7-KETOCHENODEOXYCHOLIC ACID-water
M+H-H2O,373.2737,9.34,7-KETOCHENODEOXYCHOLIC ACID-water
M+H,407.2792,9.36,7-KETODEOXYCHOLIC ACID
M+H-H2O,389.2686,9.36,7-KETODEOXYCHOLIC ACID-water
M+Na,429.2611,9.36,7-KETODEOXYCHOLIC ACID+Na
M+H,147.02937,1.24,a-KETOGLUTARATE
M+H,103.039,1.93,ACETOACETATE
M+Na,125.0209,1.93,ACETOACETATE+Na
M+H,152.0711,7.64,ACETOMINOPHEN
M+H-H2O,186.1125,3.57,ACETYL-L-CARNITINE-H2O
M+H,148.0604,0.79,ACETYL-L-SERINE
M+H-H2O,130.0499,0.79,ACETYL-L-SERINE-H2O
M+H-NH3,131.0339,0.79,ACETYL-L-SERINE-NH3
M+K,186.0163,0.79,ACETYL-L-SERINE+K
M+Na,170.0424,0.79,ACETYL-L-SERINE+Na
M+H,217.1295,1.5,ACETYLARGININE
M+H,204.1232,3.57,ACETYLCARNITINE
,207.1414,3.57,ACETYLCARNITINE (N-methyl-D3)
M+Na,226.105,3.57,ACETYLCARNITINE+Na
M-e,146.1176,2.3,ACETYLCHOLINE
M+H,218.1135,2.13,ACETYLCITRULLINE
M+H,208.097,7.24,ACETYLPHENYLALANINE
M+H,248.1498,4.75,ACYL-CARNITINE(4-OH)
M+H,262.1649,5.56,ACYL-CARNITINE(5-OH)
M+H,136.0618,1.53,ADENINE
M+H-NH3,119.0352,1.53,ADENINE-NH3
M+K,174.0177,1.53,ADENINE+K
M+Na,158.0437,1.53,ADENINE+Na
M+H,268.104,5.02,ADENOSINE
M+H,330.0598,3.42,"ADENOSINE 2',3'-CYCLIC MONOPHOSPHATE"
M+Na,352.0417,3.42,"ADENOSINE 2',3'-CYCLIC MONOPHOSPHATE+Na"
M+H,330.0598,5.25,"ADENOSINE 3',5'-CYCLIC MONOPHOSPHATE"
M+Na,352.0417,5.25,"ADENOSINE 3',5'-CYCLIC MONOPHOSPHATE+Na"
M+H,428.0367,1.05,"ADENOSINE 3',5'-DIPHOSPHATE"
M+H,560.079,1.07,ADENOSINE 5'-DIPHOSPHORIBOSE
M+Na,582.0609,1.07,ADENOSINE 5'-DIPHOSPHORIBOSE+Na
M+H,348.0704,1.66,ADENOSINE 5'-MONOPHOSPHATE
M+H,590.0895,1.05,ADENOSINE-5'-DIPHOSPHOGLUCOSE
M+Na,612.0715,1.05,ADENOSINE-5'-DIPHOSPHOGLUCOSE+Na
M+H,330.0598,5.09,ADENOSINE-CYCLIC MONOPHOSPHATE
M+Na,290.086,5.02,ADENOSINE+Na
M+H,147.0652,5.87,ADIPIC ACID/3-METHYGLUTARIC ACID
M+H-H2O,129.0546,5.87,ADIPIC ACID/3-METHYGLUTARIC ACID-H2O
M+Na,169.0471,5.87,ADIPIC ACID/3-METHYGLUTARIC ACID+Na
M+H,290.1598,5.94,ADIPOYLCARNITINE
M+Na,312.1418,5.94,ADIPOYLCARNITINE+Na
M+H,131.1291,0.64,AGMATINE SULFATE
M+H-NH3,114.1026,0.64,AGMATINE SULFATE-NH3
M+Na,153.1111,0.64,AGMATINE SULFATE+Na
M+H,90.05495,0.71,ALANINE/SARCOSINE
M+Na,203.0526,0.74,ALDO/KETO-HEXOSE
M+Na,173.042,0.74,ALDOPENTOSE
M+H,159.0513,0.75,ALLANTOIN
M+Na,181.0332,0.75,ALLANTOIN+Na
M+Na,431.2768,9.66,ALLOCHOLIC ACID+Na
M+H,162.0761,0.83,ALPHA-AMINOADIPATE/N-METHYL-L-GLUTAMATE
M+H-H2O,144.0655,0.83,ALPHA-AMINOADIPATE/N-METHYL-L-GLUTAMATE-H2O
M+H-NH3,145.0495,0.83,ALPHA-AMINOADIPATE/N-METHYL-L-GLUTAMATE-NH3
M+K,200.032,0.83,ALPHA-AMINOADIPATE/N-METHYL-L-GLUTAMATE+K
M+Na,184.058,0.83,ALPHA-AMINOADIPATE/N-METHYL-L-GLUTAMATE+Na
M+H,261.037,0.69,ALPHA-D-GALACTOSE 1-PHOSPHATE
M+H-H2O,243.0264,0.69,ALPHA-D-GALACTOSE 1-PHOSPHATE-H2O
M+Na,283.0189,0.69,ALPHA-D-GALACTOSE 1-PHOSPHATE+Na
M+Na,203.0526,0.69,ALPHA-D-GLUCOSE
M+H-H2O,163.0601,0.69,ALPHA-D-GLUCOSE-H2O
M+H-H2O,391.2843,10.48,ALPHA-MURICHOLIC ACID-H20
M+H,371.1548,6.51,AMYLOSE
M+H,138.055,7.21,ANTHRANILATE
M+H-H2O,120.0444,7.21,ANTHRANILATE-H2O
M+H,549.2804,21.92,ANTIMYCIN A1
M+H,535.2647,18.42,ANTIMYCIN A2
M+H,521.2493,15.96,ANTIMYCIN A3
,415.1585,6.82,APTELATOSIDE A
M+H-H2O,133.0495,0.73,ARABINOSE-H2O
M+Na,173.042,0.73,ARABINOSE+Na
M+H,305.24667,16.2,ARACHIDONIC ACID
[M+Na],327.22864,16.2,ARACHIDONIC ACID+Na
M+H,177.03936,1.14,ASCORBATE
M+2H,263.087,0.93,ASP-GLU
M+H,134.04478,0.71,ASPARTATE
M+H,189.1121,7.8,AZELAIC ACID
M+H-H2O,171.1016,7.8,AZELAIC ACID-H2O
M+Na,211.0941,7.8,AZELAIC ACID+Na
M+H,229.0859,8.06,BENZOPHENONE
M+H,313.143,14.97,Benzyl butyl pthalate (BzBP)
M+H,108.0808,4.43,BENZYLAMINE
M+H-NH3,91.0542,4.43,BENZYLAMINE-NH3
M+H,90.055,0.68,BETA-ALANINE
M+H-H2O,72.0444,0.68,BETA-ALANINE-H2O
M+Na,112.0369,0.68,BETA-ALANINE+Na
M+Na,431.2768,9.52,BETA-MURICHOLIC ACID+Na
M+Na,140.0682,0.82,BETAINE+Na
M+H,245.0954,6.72,BIOTIN
M+H-H2O,227.0849,6.72,BIOTIN-H2O
M+Na,267.0774,6.72,BIOTIN+Na
M+H,391.28293,36.95,Bis(2-ethylhexyl) phthalate
M+H,132.1495,0.56,BIS(3-AMINOPROPYL)AMINE
M+H-H2O,130.1339,0.64,BIS(3-AMINOPROPYL)AMINE-H2O
M+H-NH3,115.123,0.56,BIS(3-AMINOPROPYL)AMINE-NH3
,166.08626,9.97,BOC-D-Phenylalanine
M+Na,288.1212,9.97,BOC-D-Phenylalanine+Na
,182.08117,8.53,BOC-L-Tyrosine
M+Na,304.11612,8.53,BOC-L-Tyrosine+Na
M+H,73.0648,8.78,BUTANAL
M+H,232.1543,6.19,BUTANOYLCARNITINE
M+Na,254.1363,6.19,BUTANOYLCARNITINE+Na
,146.1181,1.1,BUTYROBETAINE
M+H,232.1549,6.11,BUTYRYLCARNITINE
,235.17253,6.13,BUTYRYLCARNITINE D9
M+Na,254.1363,6.12,BUTYRYLCARNITINE+Na
M+Na,175.0577,0.73,C5-SUGAR ALCOHOL 
M+H,181.0495,6.96,CAFFEATE
M+H-H2O,163.039,6.96,CAFFEATE-H2O
M+H,195.0877,6.59,CAFFEINE
,198.09827,6.51,CAFFEINE 13C3
,198.10704,6.49,CAFFEINE-D3
,153.12721,8.37,CAMPHOR
M+H,145.1223,7.62,CAPRYLIC ACID
M+H,306.2058,10.81,CAPSAICIN
,308.2214,11.31,CAPSAICIN +2H
M+H,227.1139,0.68,CARNOSINE
M+H-H2O,209.1033,0.68,CARNOSINE-H2O
M+H-NH3,210.0873,0.68,CARNOSINE-NH3
M+Na,249.0958,0.68,CARNOSINE+Na
M+H-H2O,135.117,7.6,CARVEOL
M+H,291.0848,6.65,CATECHIN
M+H,111.0441,11.91,CATECHOL
M+Na,365.1054,0.77,CELLOBIOSE
M+H-H2O,325.1129,0.77,CELLOBIOSE_H2O
M+H-2H2O,357.2776,10.82,CHENODEOXYCHOLATE-2H2O
M+H-H2O,375.2894,10.82,CHENODEOXYCHOLATE-H2O
Dimer,899.6343,9.84,CHENODEOXYCHOLGLYCINE-Dimer
Dimer,785.5906,10.81,CHENODEOXYCHOLIC ACID-dimer
M+H,450.3201,9.84,CHENODEOXYCHOLYGLYCINE (GCDCA)
M+H-2H2O,414.2992,9.84,CHENODEOXYCHOLYGLYCINE (GCDCA)-2H2O
M+H-H2O,432.3099,9.84,CHENODEOXYCHOLYGLYCINE (GCDCA)-H2O
M+H-2H2O,373.2722,9.73,CHOLATE-2H2O
Dimer,817.5801,9.69,CHOLATE-dimer
M+H-H2O,391.2827,9.73,CHOLATE-H2O
M+H-H2O,391.2843,9.73,CHOLATE-H2O
M+Na,431.2768,9.73,CHOLATE+Na
M+NH4,426.3197,9.73,CHOLATE+NH4
M-e,104.107,0.76,CHOLINE
,221.18,0.79,CHOLINE-Dimer
M+H,132.0655,0.7,CIS-4-HYDROXY-D-PROLINE
M+Na,154.0475,0.7,CIS-4-HYDROXY-D-PROLINE+Na
M+H,149.0444,2.16,CITRAMALATE
M+Na,171.0264,2.16,CITRAMALATE+Na
M+H,193.0343,1.81,CITRATE
source fragment,129.0185,1.81,CITRATE source fragment
source fragment,157.0133,1.81,CITRATE source fragment
source fragment,175.0238,1.81,CITRATE source fragment
M+H-H2O,175.0237,1.81,CITRATE-H2O
M+Na,215.0162,1.81,CITRATE+Na
M+NH3,210.061,1.81,CITRATE+NH3
M+H,176.103,0.73,CITRULLINE
M+H-NH3,159.0764,0.73,CITRULLINE-NH3
M+Na,198.0849,0.73,CITRULLINE+Na
M+H,324.0591,1.02,CMP
M+H-H2O,433.3312,10.81,COPROCHOLIC ACID-H2O
M+Na,473.3237,10.81,COPROCHOLIC ACID+Na
M+H,347.2217,9.26,CORTICOSTERONE
M+H,363.2166,8.48,CORTISOL
M+H,405.2272,9.83,CORTISOL 21-ACETATE
M+Na,385.1985,8.48,CORTISOL+Na
M+H,361.201,8.67,CORTISONE
M+H,177.1028,4.42,COTININE
M+H,132.0768,0.82,CREATINE
M+H-H2O,194.0325,0.64,CREATINE PHOSPHATE
M+H-H2O,114.0662,0.82,CREATINE-H2O
M+H-NH3,115.0502,1.24,CREATINE-NH3
M+H,135.09613,0.82,CREATINE:D3
[M+Na],157.07808,0.82,CREATINE:D3+Na
M+Na,154.0587,0.82,CREATINE+Na
M+H,114.0662,0.92,CREATININE
M+K,152.0221,0.92,CREATININE+K
M+Na,136.0481,0.92,CREATININE+Na
M+H,542.0681,3.11,CYCLIC-ADP RIBOSE
M+H,211.144,6.62,CYCLO-LEU-PRO
M+H,155.0815,4.09,CYCLO-PROLYLGLYCINE
M+Na,107.0467,6.49,CYCLOPENTANONE
M+H,179.0485,0.69,CYS-GLY
M+H-NH3,162.0219,0.69,CYS-GLY-NH3
M+Na,201.0304,0.69,CYS-GLY+Na
M+H,78.0372,0.62,CYSTEAMINE
M+H-H2O,76.0215,0.62,CYSTEAMINE-H2O
M+H,244.0928,1.47,CYTIDINE
M+H,306.0486,1.01,"CYTIDINE 2',3'-CYCLIC MONO-PHOS-PHATE"
M+Na,328.0305,1.01,"CYTIDINE 2',3'-CYCLIC MONO-PHOS-PHATE+Na"
M+H,489.1146,0.85,CYTIDINE 5'-DIPHOSPHOCHOLINE
M+Na,511.0966,0.85,CYTIDINE 5'-DIPHOSPHOCHOLINE+Na
M+Na,266.0747,1.47,CYTIDINE+Na
M+H,112.0505,0.79,CYTOSINE
M+K,150.0064,0.79,CYTOSINE+K
M+Na,134.0325,0.79,CYTOSINE+Na
M+H,181.0707,0.7,FRUCTOSE
M+H-H2O,163.0601,0.7,FRUCTOSE-H2O
M+K,219.0265,0.7,FRUCTOSE+K
M+Na,203.0526,0.7,FRUCTOSE+Na
M+H,165.0947,0.85,FUCOSE
M+H,181.0707,0.66,GALACTOSE 
M+H-H2O,163.0601,0.66,GALACTOSE-H2O
M+Na,203.0526,0.66,GALACTOSE+Na
M+H,197.0656,0.72,GLUCONATE
M+H-H2O,179.055,0.72,GLUCONATE-H2O
M+K,235.0215,0.72,GLUCONATE+K
M+Na,219.0475,0.72,GLUCONATE+Na
M+H,197.0656,0.71,"GLUCONO-1,5-LACTONE"
M+H-H2O,179.055,0.71,"GLUCONO-1,5-LACTONE-H2O"
M+Na,219.0475,0.71,"GLUCONO-1,5-LACTONE+Na"
,260.053,0.68,GLUCOSAMINE 6-PHOSPHATE
M+H,260.0435,0.67,GLUCOSAMINE 6-SULFATE
M+H-H2O,242.0329,0.67,GLUCOSAMINE 6-SULFATE-H2O
M+Na,282.0254,0.67,GLUCOSAMINE 6-SULFATE+Na
M+H,181.0707,0.68,GLUCOSE
[M+Na],209.07329,0.69,GLUCOSE 13C6
M+H,261.037,0.69,GLUCOSE 6-PHOSPHATE
M+H-H2O,177.0394,0.7,GLUCURONIC ACIH2O
M+Na,217.0319,0.7,GLUCURONIC ACID+Na
M+Na,217.0319,0.7,GLUCURONOLACTONE
M+Na,129.0158,0.79,GLYCERIC ACID
M+H,197.0656,0.7,GULONIC ACID GAMA-LACTONE
M+H-H2O,179.055,0.7,GULONIC ACID GAMA-LACTONE-H2O
M+Na,219.0475,0.7,GULONIC ACID GAMA-LACTONE+Na
M+H,343.1235,0.71,LACTOSE
M+H-H2O,325.1129,0.71,LACTOSE-H2O
M+Na,365.1054,0.71,LACTOSE+Na
M+H,180.0866,0.65,MANNOSAMINE
M+H-H2O,162.0761,0.65,MANNOSAMINE-H2O
M+K,218.0425,0.65,MANNOSAMINE+K
M+Na,202.0686,0.65,MANNOSAMINE+Na
M+H,261.037,0.69,MANNOSE 6-PHOSPHATE
M+H-H2O,243.0264,0.69,MANNOSE 6-PHOSPHATE-H2O
M+Na,283.0189,0.69,MANNOSE 6-PHOSPHATE+Na
M+Na,173.042,0.73,RIBOSE
M+Na,253.0084,0.73,RIBOSE 5-PHOSPHATE
M+H-H2O,133.0495,0.73,RIBOSE-H2O
M+Na,233.0268,0.73,SACCHARIC ACID
M+H-H2O,193.0343,0.73,SACCHARIC ACIH2O
M+H,183.0863,0.7,SORBITOL
M+H-H2O,165.0757,0.7,SORBITOL-H2O
M+K,221.0422,0.7,SORBITOL+K
M+Na,205.0683,0.7,SORBITOL+Na
M+H-H2O,163.0601,0.69,TAGATOSE
M+Na,203.0526,0.69,TAGATOSE+Na
M+H-H2O,133.0495,0.73,XYLOSE
M+Na,173.042,0.73,XYLOSE+Na
M+H,332.0754,2.54,DAMP
M+Na,354.0574,2.54,DAMP+Na
M+H,176.118,6.83,DEBRISOQUINE
M+H-H2O,155.143,9.65,DECANOATE-H2O
M+H,316.2482,10.27,DECANOYLCARNITINE
M+Na,338.2302,10.27,DECANOYLCARNITINE+Na
M+H,561.3601,6.43,DEFEROXAMIN
M+H,175.0237,0.7,DEHYDRO-L-(+)-ASCORBIC ACID DIMER
M+H,403.2479,9.62,DEHYDROCHOLIC ACID
M+H-H2O,385.2373,9.62,DEHYDROCHOLIC ACID-H2O
M+Na,425.2298,9.62,DEHYDROCHOLIC ACID+Na
M+H,375.2894,10.11,DEHYDROLITHOCHOLIC ACID
M+H,146.1176,1.11,DEOXYCARNITINE
M+Na,168.0995,1.11,DEOXYCARNITINE+Na
M+H-H2O,375.2894,10.92,DEOXYCHOLIC ACID (DCA)
M+H-2H2O,357.2777,10.92,DEOXYCHOLIC ACID (DCA)-2H2O
M+Na,415.2819,10.92,DEOXYCHOLIC ACID (DCA)+Na
M+H,373.2373,11.92,DEOXYCORTICOSTERONE ACETATE
M+H,228.0979,2.09,DEOXYCYTIDINE
M+K,266.0538,2.09,DEOXYCYTIDINE+K
M+Na,250.0798,2.09,DEOXYCYTIDINE+Na
M+Na,250.0798,2.09,DEOXYCYTIDINE+Na
M+H,135.0652,5.75,DEOXYRIBOSE
M+H,229.0819,4.23,DEOXYURIDINE
M+H-H2O,211.0713,5.51,DEOXYURIDINE-H2O
M+Na,251.0638,4.23,DEOXYURIDINE+Na
M+H,385.3465,32.57,DESMOSTEROL
M+H-H2O,367.3359,32.57,DESMOSTEROL-H2O
M+H,215.139,7.01,DETHIOBIOTIN
M+Na,237.121,7.01,DETHIOBIOTIN
M+H-H2O,197.1285,7.01,DETHIOBIOTIN-H2O
M+H,272.20013,20.92,DEXTROMETHORPHAN
M+H,279.1586,14.97,Di-n-butyl pthalate (DBP)
,259.18988,13.67,DIBUTYL ADIPATE
[M+Na],281.17184,13.67,DIBUTYL ADIPATE+Na
,279.15833,15.21,DIBUTYL PHTHALATE
,331.18961,21.65,DICYCLOEXYL PHTHALATE
M+H,106.0863,0.69,DIETHANOLAMINE
M+Na,128.0682,0.67,DIETHANOLAMINE+Na
M+Na,225.0733,7.8,DIETHYL 2-METHYL-3-OXOSUCCINATE
M+H,223.0962,10.79,DIETHYL PHTHALATE (DEP)
M+H,245.2693,0.55,DIETHYNORSPERMINE
M+H,159.04003,1.1,DIHYDROOROTATE
M+H,171.0053,0.75,DIHYDROXYACETONE PHOSPHATE
M+H-H2O,167.0339,12.28,DIHYDROXYMANDELIC ACID-H2O
M+H,162.0551,6.63,DIHYDROXYQUINOINE
M+H,279.2319,15.31,DIISOBUTYLPHTHALATE
M+H,195.0649,9.52,DIMETHYL PTHALATE
M+H,203.1503,0.91,DIMETHYLARGININE
M+H,147.0917,6.8,DIMETHYLBENZIMIDAZOLE
M+H,312.1302,5.85,DIMETHYLGUANOSINE
M+H,170.0967,12.4,DIPHENYLAMINE
M+H,251.12715,12.44,Dipropyl phthalate
M+H,251.1274,12.23,Dipropyl phthalate (DPP)
[M+Na],157.08334,5.48,Dipropylene glycol
M+H,343.1532,14.54,Dipropyleneglycol dibenzoate
M+H,297.05756,13.13,DISULFIRAM
,329.348,21.92,DOCOSAHEXANOIC ACID
M+H,344.2795,11.57,DODECANOYLCARNITINE
,344.2801,11.12,DODECANOYLCARNITINE
M+Na,366.2615,11.57,DODECANOYLCARNITINE+Na
M+H,154.0863,2.72,DOPAMINE
M+H-NH3,137.0597,2.72,DOPAMINE-NH3
,421.1224,9.92,DORIPENEM
,311.1113,6.26,E-1-O-Cinnamoyl-beta-D-glucose
,293.098,0.92,EDTA
,303.232,18.08,EICOSAPENTANOIC ACID
,445.1127,7.08,Enterocin
M+H-H2O,255.2107,9.25,EPIANDROSTERONE
,291.0848,6.89,EPICATECHIN
,443.096,7.57,EPICATECHIN GALLATE
,307.0801,6.47,EPIGALLOCATECHIN
M+H,184.0968,1.57,EPINEPHRINE
M+H-H2O,166.0863,1.57,EPINEPHRINE-H2O
M+Na,206.0788,1.57,EPINEPHRINE+Na
M+H,231.0991,1.01,ERGOTHIONEINE
,338.34338,39.67,ERUCAMIDE
M+H,123.0652,0.72,ERYTHRITOL
M+H-H2O,105.0546,0.72,ERYTHRITOL-H2O
M+Na,145.0471,0.72,ERYTHRITOL+Na
M+H-H2O,255.1743,10.39,ESTRADIOL-17ALPHA
M+ACN+H,103.0866,0.72,ETHANOLAMINE
M+H,142.0264,0.67,ETHANOLAMINE PHOSPHATE
M+Na,164.0083,0.67,ETHANOLAMINE PHOSPHATE+Na
M+H,204.1019,10.61,ETHYL 3-INDOLEACETATE
M+Na,183.074,10.78,ETHYL 3-UREIDOPROPIONATE
M+H,133.0495,5.16,ETHYLMALONIC ACID
M+H-H2O,115.039,5.16,ETHYLMALONIC ACID-H2O
M+Na,155.0315,5.16,ETHYLMALONIC ACID+Na
,165.09146,12.97,EUGENOL
M+H,195.0652,7.77,FERULATE
M+H-H2O,177.0546,7.77,FERULATE-H2O
,225.09062,14,FLAVANONE
M+H,786.1644,6.26,FLAVIN ADENINE DINUCLEOTIDE
M+ACN+H,88.0393,0.69,FORMATE
,209.0914,9.69,FORMYL-5-HYDROXYKYNURENAMINE
M+H,178.0532,5.79,FORMYL-L-METHIONYL PEPTIDE
M+H-H2O,160.0427,5.79,FORMYL-L-METHIONYL PEPTIDE-H2O
M+Na,200.0352,5.79,FORMYL-L-METHIONYL PEPTIDE+Na
,237.08711,9.23,FORMYLKYNURENINE
M+Na,362.98527,1.27,"FRUCTOSE 1,6-BIPHOSPHATE"
M+H-FA,165.0394,0.7,GALACTARATE-FA
M+H-H2O,193.0343,0.7,GALACTARATE-H2O
M+Na,233.0268,0.7,GALACTARATE+Na
M+H,183.0863,0.7,GALACTITOL
M+H-H2O,165.0757,0.7,GALACTITOL-H2O
M+Na,205.0683,0.7,GALACTITOL+Na
M+H,180.0866,0.64,GALACTOSAMINE
M+H-H2O,162.0761,0.64,GALACTOSAMINE-H2O
M+K,218.0425,0.64,GALACTOSAMINE+K
M+Na,202.0686,0.64,GALACTOSAMINE+Na
M+Na,217.0319,0.71,GALACTURONIC ACID
M+H-H2O,177.0394,0.71,GALACTURONIC ACID-H2O
,273.18427,14.56,GALAXOLIDONE
,171.036,5.97,GALLIC ACID
,307.0802,6.11,GALLOCHATECHIN
,459.0909,7.12,GALLOCHATECHIN GALLATE
M+H,279.2319,15.09,GAMMA-LINOLENIC ACID
M+H,409.2949,9.64,GAMMA-MURICHOLIC ACID
M+Na,431.2768,9.64,GAMMA-MURICHOLIC ACID
M+H-H2O,391.2843,9.64,GAMMA-MURICHOLIC ACID-H2O
[M+Na],325.1268,7.09,GARCINIA LACTONE DIBUTY ESTER
M+H,360.15002,0.76,GENTIOBIOSE
M+H,249.10764,1.02,GLU-THR
M+H,197.0656,0.72,GLUCONIC ACID
M+H-H2O,179.055,0.72,GLUCONIC ACID-H2O
M+Na,219.0475,0.72,GLUCONIC ACID+Na
M+H,196.0816,0.67,GLUCOSAMINATE
M+H-H2O,178.071,0.67,GLUCOSAMINATE-H2O
M+Na,218.0635,0.67,GLUCOSAMINATE+Na
M+H,180.0866,0.64,GLUCOSAMINE
M+H-H2O,162.0761,0.64,GLUCOSAMINE-H2O
M+K,218.0425,0.64,GLUCOSAMINE+K
M+Na,202.0686,0.64,GLUCOSAMINE+Na
M+H-H2O,163.0601,0.68,GLUCOSE/FRUCTOSE-H2O
M+Na,283.0189,0.72,GLUCOSE/FRUCTOSE-PHOSPHATE+Na
M+Na,203.0526,0.68,GLUCOSE/FRUCTOSE+Na
M+H,133.0495,4.37,GLUTARATE
M+H-H2O,115.039,4.37,GLUTARATE-H2O
M+Na,155.0315,4.37,GLUTARATE+Na
M+H,133.0495,1.06,GLUTARIC ACID
M+H-H2O,115.039,1.06,GLUTARIC ACID-H2O
M+Na,155.0315,1.06,GLUTARIC ACID+Na
M+H,276.1442,5.56,GLUTARYLCARNITINE
M+H,308.0911,1.48,GLUTATHIONE
,613.1598,3.74,GLUTATHIONE DISULFIDE
[M+2H]2+,307.0838,3.74,GLUTATHIONE DISULFIDE+2
M+Na,330.073,1.48,GLUTATHIONE+Na
M+Na,267.0604,4.33,GLYCERALDEHYDE 3-PHOSPHATE DIETHYL ACETAL
M+H,93.0546,0.74,GLYCEROL
M+H-H2O,75.0441,0.74,GLYCEROL-H2O
M+Na,115.0366,0.74,GLYCEROL+Na
,258.1094,0.75,GLYCEROPHOSPHOCHOLINE
M+H,466.3163,9.03,GLYCHOCHOLIC ACID
M+H-2H2O,430.2937,9.03,GLYCHOCHOLIC ACID-2H2O
M+H-H2O,448.3057,9.03,GLYCHOCHOLIC ACID-H2O
M+2Na,510.279,9.03,GLYCHOCHOLIC ACID+2Na
M+K,504.2618,9.03,GLYCHOCHOLIC ACID+K
M+Na,488.2983,9.03,GLYCHOCHOLIC ACID+Na
M+NH4,483.34313,9.03,GLYCHOCHOLIC ACID+NH4
Dimer,931.6214,8.99,GLYCHOLIC ACID-Dimer
M+H,76.0393,0.63,GLYCINE
M+H,450.3214,9.9,GLYCOCHENODEOXYCHOLIC ACID
M+H-H2O,432.3108,9.9,GLYCOCHENODEOXYCHOLIC ACID-H2O
M+Na,472.3033,9.9,GLYCOCHENODEOXYCHOLIC ACID+Na
M+H,466.3163,9.07,GLYCOCHOLATE
M+H-H2O,448.3057,9.07,GLYCOCHOLATE-H2O
M+Na,488.2983,9.07,GLYCOCHOLATE+Na
Dimer,899.6355,9.98,GLYCODEOXYCHOLIC ACID-dimer
M+H,450.3214,10.03,GLYCODOEXYCHOLIC ACID
M+H-2H2O,414.2986,10.03,GLYCODOEXYCHOLIC ACID-2H2O
M+H-H2O,432.3108,10.03,GLYCODOEXYCHOLIC ACID-H2O
M+Na,472.3033,10.03,GLYCODOEXYCHOLIC ACID+Na
M+H,450.3214,9.21,GLYCOHYODEOXYCHOLIC ACID
M+H-H2O,432.3108,9.21,GLYCOHYODEOXYCHOLIC ACID-H2O
M+Na,472.3033,9.21,GLYCOHYODEOXYCHOLIC ACID+Na
M+K,98.9843,0.69,GLYCOLALDEHYDE DIMER+K
M+H,434.3265,11.22,GLYCOLITHOCHOLIC ACID
M+H-H2O,416.3159,11.22,GLYCOLITHOCHOLIC ACID-H2O
M+Na,456.3084,11.22,GLYCOLITHOCHOLIC ACID+Na
M+H,450.3214,9.23,GLYCOURSODEOXYCHOLIC ACID
M+H-2H2O,414.2986,9.23,GLYCOURSODEOXYCHOLIC ACID-2H2O
Dimer,899.6355,9.16,GLYCOURSODEOXYCHOLIC ACID-dimer
M+H-H2O,432.3108,9.23,GLYCOURSODEOXYCHOLIC ACID-H2O
M+Na,472.3033,9.23,GLYCOURSODEOXYCHOLIC ACID+Na
,189.1235,5.57,GLYCYL-LEUCINE
M+H-H2O,107.0491,7.15,GUAIACOL
M+H,118.0611,0.73,GUANIDINOACETATE
M+H-NH3,101.0346,0.73,GUANIDINOACETATE_NH3
M+Na,140.043,0.73,GUANIDINOACETATE+Na
M+H,146.0924,1.5,GUANIDINOBUTYRATE
,152.05669,1.46,GUANINE
M+H,284.0989,5.28,GUANOSINE
M+H,346.0547,5.36,"GUANOSINE 3',5'-CYCLIC MONOPHOSPHATE"
M+Na,368.0367,5.36,"GUANOSINE 3',5'-CYCLIC MONOPHOSPHATE+Na"
M+H,606.0844,1.32,GUANOSINE 5'-DIPHOSPHO-D-MANNOSE
M+H,606.0844,1.49,GUANOSINE 5'-DIPHOSPHOGLUCOSE
,364.0653,2.02,GUANOSINE 5'-MONOPHOSPHATE
M+K,322.0548,5.28,GUANOSINE+K
M+Na,306.0809,5.28,GUANOSINE+Na
M+H,616.1768,10.76,HEME
M+H,131.1067,6.26,HEPTANOIC ACID
M+H,400.3421,38.46,HEXADECANOYLCARNITINE
M+Na,422.3241,38.46,HEXADECANOYLCARNITINE+Na
M+H,260.1856,7.53,HEXANOYLCARNITINE
M+Na,282.1676,7.53,HEXANOYLCARNITINE+Na
,261.037,0.73,HEXOSE-6-PHOSPHATE
,365.1054,0.78,HEXOSE-DISACCHARIDE
M+H,180.0655,6.6,HIPPURATE
M+H-H2O,162.055,6.6,HIPPURATE-H2O
M+Na,202.0475,6.6,HIPPURATE+Na
M+H,112.0869,0.61,HISTAMINE
M+H-NH3,95.0604,0.61,HISTAMINE-NH3
M+Na,134.0689,0.61,HISTAMINE+Na
,207.049,5.22,HOMOCITRATE
,136.0427,0.88,HOMOCYSTEINE
M+H,269.0624,0.94,HOMOCYSTINE
M+Na,291.0444,0.94,HOMOCYSTINE+Na
M+H,169.0495,5.68,HOMOGENTISATE
M+H-H2O,151.039,5.68,HOMOGENTISATE-H2O
M+H,120.0655,0.66,HOMOSERINE
M+H-H2O,102.055,0.66,HOMOSERINE-H2O
M+Na,142.0475,0.66,HOMOSERINE+Na
M+H-H2O,165.0546,6.2,HOMOVANILLATE
M+H,111.0441,11.91,HYDROQUINONE
,196.0395,6.63,HYDROXYHIPPURIC ACID
M+H-H2O,375.2894,10.11,HYODEOXCHOLIC ACID-H2O
M+H,110.027,0.66,HYPOTAURINE
M+H-H2O,92.0165,0.66,HYPOTAURINE-H2O
M+Na,132.009,0.66,HYPOTAURINE+Na
M+H,137.0458,1.96,HYPOXANTHINE
M+H-NH3,120.0192,1.96,HYPOXANTHINE-NH3
M+Na,159.0277,1.96,HYPOXANTHINE+Na
,207.1385,6.74,IBUPROFEN
M+H,160.0757,5.55,INDOLE-3-ACETALDEHYDE
M+H,175.0866,7.29,INDOLE-3-ACETAMIDE
M+H-NH3,158.06,7.29,INDOLE-3-ACETAMIDE-NH3
M+K,213.0425,7.29,INDOLE-3-ACETAMIDE+K
M+Na,197.0685,7.29,INDOLE-3-ACETAMIDE+Na
M+H,176.0706,8.42,INDOLE-3-ACETATE
M+H-H2O,162.0549,7.1,INDOLE-3-CARBOXYLIC ACID
M+H,162.0913,8.38,INDOLE-3-ETHANOL
M+H-H2O,144.0808,8.38,INDOLE-3-ETHANOL-H2O
,188.07074,6.25,INODLEACRYLIC ACID
M+H,269.088,5.21,INOSINE
M+H,349.0544,1.79,INOSINE 5'-MONOPHOSPHATE
M+Na,371.0363,1.79,INOSINE 5'-MONOPHOSPHATE+Na
M+H,349.0544,1.79,INOSINE 5'-PHOSPHATE
M+Na,371.0363,1.79,INOSINE 5'-PHOSPHATE+Na
M+K,307.0439,5.21,INOSINE+K
M+Na,291.07,5.21,INOSINE+Na
,232.1549,6.04,ISOBUTYRYLCARNITINE
M+H,193.0343,1.03,ISOCITRIC ACID
M+H-H2O,175.0237,1.03,ISOCITRIC ACID-H2O
M+Na,215.0162,1.03,ISOCITRIC ACID+Na
,112.05053,1.48,ISOCYTOSINE
M+H,246.17,6.76,ISOVALERYLCARNITINE
M+H,246.1705,6.53,ISOVALERYLCARNITINE
,255.2258,6.66,"ISOVALERYLCARNITINE (N,N,N-trimethyl-D9)"
M+Na,268.1519,6.76,ISOVALERYLCARNITINE+Na
M+H,131.0339,5.1,ITACONATE
M+H,131.0339,3.47,ITACONATE
M+H-H2O,113.0233,5.1,ITACONATE-H2O
M+H-H2O,113.0233,3.47,ITACONATE-H2O
M+Na,153.0158,5.1,ITACONATE+Na
M+Na,153.0158,3.47,ITACONATE+Na
,287.0538,9.81,KAEMPFEROL
,190.0498,6.3,KYNURENIC ACID
,209.09207,5.5,KYNURENINE
M+H,209.0921,5.5,KYNURENINE
,209.0921,5.5,KYNURENINE
,162.0759,0.82,2-AMINO ADIPIC ACID
,187.00022,0.84,2-PHOSPHOGLYCERIC ACID
M+H,105.0659,0.63,"2,3-DIAMINOPROPIONIC ACID"
M+H-NH3,88.0393,0.63,"2,3-DIAMINOPROPIONIC ACID-NH3"
M+K,143.0217,0.63,"2,3-DIAMINOPROPIONIC ACID+K"
M+Na,127.0478,0.63,"2,3-DIAMINOPROPIONIC ACID+Na"
M+H,163.1077,0.62,5-HYDROXYLYSINE
M+H-H2O,145.0972,0.62,5-HYDROXYLYSINE-H2O
M+H-NH3,146.0812,0.62,5-HYDROXYLYSINE-NH3
M+K,201.0636,0.62,5-HYDROXYLYSINE+K
M+Na,185.0897,0.62,5-HYDROXYLYSINE+Na
M+H,90.055,0.66,ALANINE
,93.06556,0.69,ALANINE 13C3
M+Na,112.0369,0.66,ALANINE+Na
M+H-H2O,102.055,0.69,ALLOTHREONINE-H2O
M+Na,142.0475,0.69,ALLOTHREONINE+Na
M+H,241.1295,0.7,ANSERINE
M+H-NH3,224.103,0.7,ANSERINE-NH3
M+Na,263.1115,0.7,ANSERINE+Na
M+H,153.0757,0.7,ARABITOL
M+H-H2O,135.0652,0.7,ARABITOH2O
M+K,191.0316,0.7,ARABITOL+K
M+Na,175.0577,0.7,ARABITOL+Na
M+H,175.119,0.64,ARGININE
M+H-NH3,158.0924,0.64,ARGININE-NH3
M+K,213.0748,0.64,ARGININE+K
M+Na,197.1009,0.64,ARGININE+Na
M+H,133.0608,0.64,ASPARAGINE
M+H-NH3,116.0342,0.64,ASPARAGINE-NH3
M+K,171.0167,0.64,ASPARAGINE+K
M+Na,155.0427,0.64,ASPARAGINE+Na
M+H,134.0448,0.65,ASPARTATE
M+H-H2O,116.0342,0.65,ASPARTATE-H2O
M+Na,156.0267,0.65,ASPARTATE+Na
M+H,162.1125,0.95,CARNITINE
,171.16862,0.95,CARNITINE:D9
M+K,200.0684,0.95,CARNITINE+K
M+Na,184.0944,0.95,CARNITINE+Na
M+H,223.0747,0.66,CYSTATHIONINE
M+Na,245.0566,0.66,CYSTATHIONINE+Na
M+H,170.0118,0.68,CYSTEIC ACID
M+Na,191.9937,0.68,CYSTEIC ACID+Na
M+H,122.027,0.7,CYSTEINE
M+H,241.0311,0.66,CYSTINE
M+K,278.987,0.66,CYSTINE
M+Na,263.0131,0.66,CYSTINE+Na
,165.0947,0.83,FUCOSE
M+H,148.0604,0.7,GLUTAMIC ACID
M+H-H2O,130.0499,0.7,GLUTAMIC ACID-H2O
M+H-NH3,131.0339,0.7,GLUTAMIC ACID-NH3
M+Na,170.0424,0.7,GLUTAMIC ACID+Na
M+H,147.0764,0.67,GLUTAMINE
M+H-NH3,130.0499,0.67,GLUTAMINE-NH3
M+K,185.0323,0.67,GLUTAMINE+K
M+Na,169.0584,0.67,GLUTAMINE+Na
M+H,156.0768,0.62,HISTIDINE
M+K,194.0326,0.62,HISTIDINE+K
M+Na,178.0587,0.62,HISTIDINE+Na
M+H,142.0975,0.61,HISTIDINOL
M+H-H2O,124.0869,0.61,HISTIDINOH2O
M+K,180.0534,0.61,HISTIDINOL+K
M+Na,164.0794,0.61,HISTIDINOL+Na
M+H,118.0321,0.87,HOMOCYSTEINE THIOLACTONE
M+Na,140.0141,0.87,HOMOCYSTEINE THIOLACTONE+Na
M+H,132.1019,2.29,ISOLEUCINE
M+Na,154.0838,2.29,ISOLEUCINE+Na
M+H,132.1019,2.6,LEUCINE
,138.12256,2.6,LEUCINE 13C6
,142.16521,2.6,LEUCINE-D10
M+H,147.1128,0.58,LYSINE
M+H-H2O,129.1022,0.58,LYSINE-H2O
M+H-NH3,130.0863,0.58,LYSINE-NH3
M+K,185.0687,0.58,LYSINE+K
M+Na,169.0947,0.58,LYSINE+Na
M+H,150.0583,1.39,METHIONINE
M+H,181.0641,0.67,METHIONINE SULFOXIMINE
M+H-NH3,164.0376,0.67,METHIONINE SULFOXIMINE-NH3
M+K,219.02,0.67,METHIONINE SULFOXIMINE+K
M+Na,203.0461,0.67,METHIONINE SULFOXIMINE+Na
M+H-NH3,133.0318,1.39,METHIONINE-NH3
M+Na,172.0403,1.39,METHIONINE+Na
M+H,133.0972,0.58,ORNITHINE
M+H-H2O,115.0866,0.58,ORNITHINE-H2O
M+H-NH3,116.0706,0.58,ORNITHINE-NH3
M+K,171.053,0.58,ORNITHINE+K
M+Na,155.0791,0.58,ORNITHINE+Na
M+H,166.0863,5.38,PHENYLALANINE
,172.10691,5.27,PHENYLALANINE 13C6
,120.08078,5.38,PHENYLALANINE-HCOOH
M+H-NH3,149.0597,5.38,PHENYLALANINE-NH3
M+Na,188.0682,5.38,PHENYLALANINE+Na
M+H,130.0863,1.1,PIPECOLIC ACID
M+Na,152.0682,1.1,PIPECOLIC ACID+Na
M+H,116.0706,0.81,PROLINE
M+Na,138.0525,0.81,PROLINE+Na
M+H-H2O,147.0652,0.78,RHAMNOSE-H2O
M+Na,187.0577,0.78,RHAMNOSE+Na
M+H,106.0499,0.63,SERINE
M+H-H2O,88.0393,0.63,SERINE-H2O
M+Na,128.0318,0.63,SERINE+Na
M+H,181.0707,0.67,SORBOSE
M+H-H2O,163.0601,0.67,SORBOSE-H2O
M+K,219.0265,0.67,SORBOSE+K
M+Na,203.0526,0.67,SORBOSE+Na
M+H,120.0655,0.67,THREONINE
M+H-H2O,102.055,0.67,THREONINE-H2O
M+Na,142.0475,0.67,THREONINE+Na
M+H,205.0972,6.32,TRYPTOPHAN
,216.13457,6.28,TRYPTOPHAN 13C11
[M+Na],238.11651,6.28,TRYPTOPHAN 13C11
,208.11654,6.32,"TRYPTOPHAN-2,3,3-D3"
Source fragment,191.08944,6.32,"TRYPTOPHAN-2,3,3-D3-NH3"
M+H-NH3,188.0706,6.32,TRYPTOPHAN-NH3
M+K,243.053,6.32,TRYPTOPHAN+K
M+Na,227.0791,6.32,TRYPTOPHAN+Na
M+H,204.1131,6.19,TRYPTOPHANAMIDE
M+H-NH3,187.0866,6.19,TRYPTOPHANAMIDE-NH3
M+K,242.069,6.19,TRYPTOPHANAMIDE+K
M+Na,226.0951,6.19,TRYPTOPHANAMIDE+Na
M+H,182.0812,3.35,TYROSINE
,188.10183,3.35,TYROSINE 13C6
,165.0547,3.35,TYROSINE source fragment
M+H-NH3,165.0546,3.35,TYROSINE-NH3
M+Na,204.0631,3.35,TYROSINE+Na
M+H,118.0863,1.1,VALINE/5-AMINOPENTANOATE/NORVALINE
M+Na,140.0682,1.1,VALINE/5-AMINOPENTANOATE/NORVALINE+Na
M+H-H2O,133.0495,0.73,XYLOSE-H2O
M+Na,173.042,0.73,XYLOSE+Na
,91.03953,0.78,LACTIC ACID
M+H,343.1234,0.67,LACTOSE
Dimer,707.222,0.67,LACTOSE-Dimer
M+K,381.0792,0.67,LACTOSE+K
M+Na,365.1053,0.67,LACTOSE+NA
M+H,344.2795,11.19,LAUROYLCARNITINE
M+Na,366.2615,11.19,LAUROYLCARNITINE+Na
,229.15471,5.99,LEU PRO
,362.1503,7.08,LEVOFLOXACIN
,235.181,6.91,LIDOCAINE
M+H,155.143,8.02,LINALOOL
M+H,281.2475,11.3,LINOLEATE
M+H,424.3421,20.39,LINOLEYLCARNITINE
M+Na,446.3241,9.81,LINOLEYLCARNITINE+Na
M+H,206.0668,8.4,LIPOAMIDE
M+H-NH3,189.0402,8.4,LIPOAMIDE-NH3
M+K,244.0227,8.4,LIPOAMIDE+K
M+Na,228.0487,8.4,LIPOAMIDE+Na
M+H-H2O,359.2945,13.6,LITHOCHOLIC ACID
M+H-H2O,359.2945,12.51,LITHOCHOLIC ACID-H2O
M+H,191.1026,0.65,"LL-2,6-DIAMINOHEPTANEDIOATE"
M+H-H2O,173.0921,0.65,"LL-2,6-DIAMINOHEPTANEDIOATE-H2O"
M+H-NH3,174.0761,0.65,"LL-2,6-DIAMINOHEPTANEDIOATE-NH3"
M+K,229.0585,0.65,"LL-2,6-DIAMINOHEPTANEDIOATE+K"
M+Na,213.0846,0.65,"LL-2,6-DIAMINOHEPTANEDIOATE+Na"
M+H,243.0877,7.87,LUMICHROME
,496.3403,12.08,LYSO PC (16:0)
M+Na,518.3221,12.25,LYSO PC (16:0)+Na
,494.3247,11.22,LYSO PC (16:1)
,524.3716,14.7,LYSO PC (18:0)
M+H,524.3731,15.46,LYSO PC (18:0)
M+H,522.3579,12.3,LYSO PC (18:1)
M+H,520.3417,11.45,LYSO PC (18:2)
M+H,544.339,12.3,LYSO PC (20:4)
M+H,544.339,11.58,LYSO PC (20:4)
M+H,568.3424,11.47,LYSO PC (22:6)
M+H,482.3243,14.42,LYSO PE (18:0)
M+Na,504.304,14.43,LYSO PE (18:0)+Na
,480.309,12.32,LYSO PE (18:1)
M+H,502.2926,11.32,LYSO PE (20:4)
M+H,530.3238,12.15,LYSO PE (22:4)
M+H,526.2927,11.35,LYSO PE (22:6)
M+H,135.0288,0.98,MALATE
M+Na,157.0107,0.98,MALATE+Na
M+Na,138.0162,5.48,MALEAMATE
M+H,117.0182,1.63,MALEIC ACID
M+H-H2O,99.0077,1.63,MALEIC ACID-H2O
M+Na,139.0002,1.63,MALEIC ACID+Na
M+H,98.0237,1.44,MALEIMIDE
M+H,105.0182,1.07,MALONATE
M+Na,127.0002,1.07,MALONATE+Na
M+H,248.1129,2.16,MALONYLCARNITINE
M+H,343.1235,0.72,MALTOSE
M+H-H2O,325.1129,0.72,MALTOSE-H2O
M+Na,365.1054,0.72,MALTOSE+Na
M+H,183.0863,0.7,MANNITOL/Sorbitol
M+H-H2O,165.0757,0.7,MANNITOL/Sorbitol-H2O
M+K,221.0422,0.7,MANNITOL/Sorbitol+K
M+Na,205.0683,0.7,MANNITOL/Sorbitol+Na
M+H,181.0707,0.68,MANNOSE
M+K,219.0265,0.68,MANNOSE+K
M+Na,203.0526,0.68,MANNOSE+Na
M+H,233.1285,8.21,MELATONIN
M+H-NH3,216.1019,8.21,MELATONIN-NH3
M+K,271.0843,8.21,MELATONIN+K
M+Na,255.1104,8.21,MELATONIN+Na
M+H,343.1235,0.82,MELIBIOSE
M+H-H2O,325.1129,0.82,MELIBIOSE-H2O
M+Na,365.1054,0.82,MELIBIOSE+Na
M+Na,173.0057,0.74,MESO-TARTARIC ACID
,166.05351,0.72,METHIONINE SULFOXIDE
M+H,195.0863,0.85,METHYL BETA-D-GALACTOSIDE
M+K,233.0422,0.85,METHYL BETA-D-GALACTOSIDE+K
M+Na,217.0683,0.85,METHYL BETA-D-GALACTOSIDE+Na
M+H,190.0863,10.03,METHYL INDOLE-3-ACETATE
M+H,225.1485,10.86,METHYL JASMONATE
,225.1485,10.03,METHYL JASMONATE
M+H-H2O,207.138,10.86,METHYL JASMONATE-H2O
M+H-H2O,151.039,2.97,METHYL VANILLATE-H2O
M+H,258.1085,2.65,METHYLCYTIDINE
M+H,290.1598,6.04,Methylglutaryl-L-carnitine
M+H,119.0339,2.48,METHYLMALONATE
M+H-H2O,101.0233,2.48,METHYLMALONATE-H2O
M+Na,141.0158,2.48,METHYLMALONATE+Na
M+H,149.0808,2.3,MEVALOLACTONE
M+Na,171.0628,2.3,MEVALOLACTONE_Na
M+H,409.2056,5.66,MGDG (2:0_7:0)
M+NH4,652.4024,7.17,MGDG (22:6_4:0)
M+NH4,440.2498,6.93,MGDG (7:0_3:0)
M+H,147.0652,6.32,MONO-METHYL GLUTARATE
M+H,147.0652,5.96,MONO-METHYL GLUTARATE
M+H-H2O,129.0546,6.32,MONO-METHYL GLUTARATE-H2O
M+H-H2O,129.0546,5.96,MONO-METHYL GLUTARATE-H2O
M+Na,169.0471,6.32,MONO-METHYL GLUTARATE+Na
M+Na,169.0471,5.96,MONO-METHYL GLUTARATE+Na
,257.0805,10.21,Monobenzyl phthalate (mBzP)
,223.09599,10.86,Monobutyl phthalate
,223.0963,9.86,Monobutyl phthalate (mBP)
,195.0651,8.38,Monoethyl phthalate (mEP)
,181.0495,7.73,Monomethyl phthalate (MMP)
,279.1584,12.58,Monooctyl phtlate (MOP)
M+H-H2O,375.2894,9.98,MURIDEOXYCHOLIC ACID
M+H,181.0707,0.67,MYO-INOSITOL
M+K,219.0265,0.67,MYO-INOSITOL
M+H-H2O,163.0601,0.67,MYO-INOSITOL-H2O
M+Na,203.0526,0.67,MYO-INOSITOL+Na
M+H,372.3108,14.93,MYRISOTYLCARNITINE
M+Na,394.2928,14.93,MYRISOTYLCARNITINE+Na
M+K,267.1721,12.06,MYRISTIC ACID+K
,381.36633,13.31,"MYRISTOLCARNITINE (N,N,N-trimethyl-D9)"
,217.1295,1.48,N-Acetyl-Arginine 
M+H,222.0972,0.77,N-ACETYL-D-GALACTOSAMINE
M+H-H2O,204.0866,0.77,N-ACETYL-D-GALACTOSAMINE-H2O
M+Na,244.0792,0.77,N-ACETYL-D-GALACTOSAMINE+Na
M+H,222.0972,0.73,N-ACETYL-D-GLUCOSAMINE
M+H-H2O,204.0866,0.73,N-ACETYL-D-GLUCOSAMINE-H2O
M+K,260.0531,0.73,N-ACETYL-D-GLUCOSAMINE+K
M+Na,244.0792,0.73,N-ACETYL-D-GLUCOSAMINE+Na
M+H,247.1077,7.76,N-ACETYL-D-TRYPTOPHAN
M+H-H2O,229.0972,7.76,N-ACETYL-D-TRYPTOPHAN-H2O
M+K,285.0636,7.76,N-ACETYL-D-TRYPTOPHAN+K
M+Na,269.0897,7.76,N-ACETYL-D-TRYPTOPHAN+Na
M+H,190.071,2.13,N-ACETYL-DL-GLUTAMIC ACID
M+H-H2O,172.0604,2.13,N-ACETYL-DL-GLUTAMIC ACID-H2O
M+Na,212.0529,2.13,N-ACETYL-DL-GLUTAMIC ACID+Na
M+H,192.0689,6.04,N-ACETYL-DL-METHIONINE
M+H-H2O,174.0583,6.04,N-ACETYL-DL-METHIONINE-H2O
M+Na,214.0508,6.04,N-ACETYL-DL-METHIONINE+Na
M+H,148.0604,1,N-ACETYL-DL-SERINE
M+H-H2O,130.0499,1,N-ACETYL-DL-SERINE-H2O
M+Na,170.0424,1,N-ACETYL-DL-SERINE+Na
M+Na,244.07916,0.75,N-ACETYL-HEXOSAMINE+Na
M+H,132.0655,2.16,N-ACETYL-L-ALANINE
M+H-H2O,114.055,2.16,N-ACETYL-L-ALANINE-H2O
M+Na,154.0475,2.16,N-ACETYL-L-ALANINE+Na
M+H,176.0553,1.38,N-ACETYL-L-ASPARTIC ACID
M+H-H2O,158.0448,1.38,N-ACETYL-L-ASPARTIC ACID-H2O
M+K,214.0112,1.38,N-ACETYL-L-ASPARTIC ACID+K
M+Na,198.0373,1.38,N-ACETYL-L-ASPARTIC ACID+Na
M+H,164.0376,3.11,N-ACETYL-L-CYSTEINE
M+H-H2O,146.027,3.11,N-ACETYL-L-CYSTEINE-H2O
M+Na,186.0195,3.11,N-ACETYL-L-CYSTEINE+Na
M+H,174.1125,6.87,N-ACETYL-L-LEUCINE
M+H-H2O,156.1019,6.87,N-ACETYL-L-LEUCINE-H2O
M+Na,196.0944,6.87,N-ACETYL-L-LEUCINE+Na
M+H,208.0968,7.36,N-ACETYL-L-PHENYLALANINE
M+H-H2O,190.0863,7.36,N-ACETYL-L-PHENYLALANINE-H2O
M+Na,230.0788,7.36,N-ACETYL-L-PHENYLALANINE+Na
M+H,190.071,2.13,N-ACETYLGLUTAMATE
M+H-2H2O,154.0498,2.13,N-ACETYLGLUTAMATE-2H2O
M+H,118.0499,1.11,N-ACETYLGLYCINE 
M+H-H2O,100.0393,1.11,N-ACETYLGLYCINE -H2O
M+Na,140.0318,1.11,N-ACETYLGLYCINE +Na
M+H,310.1133,0.76,N-ACETYLNEURAMINATE
M+H-H2O,292.1027,0.76,N-ACETYLNEURAMINATE-H2O
M+Na,332.0952,0.76,N-ACETYLNEURAMINATE+Na
M+H,131.1179,1.01,N-ACETYLPUTRESCINE
M+H-NH3,114.0913,1.01,N-ACETYLPUTRESCINE-NH3
M+Na,153.0998,1.01,N-ACETYLPUTRESCINE+Na
M+H,219.1128,6.82,N-ACETYLSEROTONIN
M+H-H2O,201.1022,6.82,N-ACETYLSEROTONIN-H2O
M+H-NH3,202.0863,6.82,N-ACETYLSEROTONIN-NH3
M+K,257.0687,6.82,N-ACETYLSEROTONIN+K
M+Na,241.0947,6.82,N-ACETYLSEROTONIN+Na
M+H,176.0666,0.78,N-AMIDINO-L-ASPARTATE
M+Na,198.0485,0.78,N-AMIDINO-L-ASPARTATE
M+H-H2O,158.056,0.78,N-AMIDINO-L-ASPARTATE-H2O
,90.05495,7.47,N-BOC-L-Alanine
M+Na,212.0899,7.47,N-BOC-L-Alanine
M+H,134.04478,7.1,N-BOC-L-Aspartic Acid
[M+Na],256.07974,7.1,N-BOC-L-Aspartic Acid
M+H,132.1019,9.44,N-BOC-L-tert-Leucine
M+Na,254.18685,9.44,N-BOC-L-tert-Leucine
,205.09715,10,N-BOC-L-Tryptophan
M+Na,327.1321,10,N-BOC-L-Tryptophan
,214.08911,10.35,N-Butylbenzenesulfonamide
,178.0529,5.76,N-FORMYL-L-METHIONINE 
M+H,104.0342,0.91,N-FORMYLGLYCINE
M+H-H2O,86.0237,0.91,N-FORMYLGLYCINE-H2O
M+H,148.0604,0.71,N-METHYL-D-ASPARTIC ACID
M+H-H2O,130.0499,0.71,N-METHYL-D-ASPARTIC ACID-H2O
M+Na,170.0424,0.71,N-METHYL-D-ASPARTIC ACID+Na
M+H,162.0761,0.77,N-METHYL-L-GLUTAMATE
M+Na,184.058,0.77,N-METHYL-L-GLUTAMATE+Na
M+H,170.0924,0.69,N-METHYL-L-HISTIDINE
M+Na,192.0743,0.69,N-METHYL-L-HISTIDINE+Na
,137.07082,0.96,N-METHYLNICOTINAMIDE
M+H,175.123,6.91,N-METHYLTRYPTAMINE
M+H,245.2336,0.6,N1-ACETYLSPERMINE
M+Na,267.2155,0.6,N1-ACETYLSPERMINE+Na
M+K,242.0803,6.88,N6-(DELTA2-ISOPENTENYL)-ADENINE
M+Na,226.1063,6.88,N6-(DELTA2-ISOPENTENYL)-ADENINE+K
M+H,204.1244,6.88,N6-(DELTA2-ISOPENTENYL)-ADENINE+Na
M+H,664.1164,3.33,NAD
M+H,189.1234,0.96,NALPHA-ACETYL-L-LYSINE
M+H-H2O,171.1128,0.96,NALPHA-ACETYL-L-LYSINE-H2O
M+H-NH3,172.0968,0.96,NALPHA-ACETYL-L-LYSINE-NH3
M+Na,211.1053,0.96,NALPHA-ACETYL-L-LYSINE+Na
M+H,124.0398,1.23,NIACIN
M+H,123.0553,1.54,NICOTINAMIDE
M+H,665.1004,3.6,NICOTINAMIDE HYPOXANTHINE DINUCLEOTIDE
M+H,335.0639,1,NICOTINAMIDE MONONUCLEOTIDE
M+Na,357.0458,1,NICOTINAMIDE MONONUCLEOTIDE+Na
M+H,124.0393,1.28,NICOTINATE
M+Na,146.0212,1.28,NICOTINATE+Na
M+H,163.123,4.08,NICOTINE
,347.1242,10.65,NIFEDIPINE
,130.08626,3.11,NIPECOTIC ACID
M+H,159.138,7.25,NONANOATE
,170.0812,0.94,NORADRENALINE
M+H,379.2843,10.44,NORDEOXYCHOLIC ACID
M+H-H2O,361.2737,10.44,NORDEOXYCHOLIC ACID-H2O
M+Na,401.2662,10.44,NORDEOXYCHOLIC ACID+Na
,152.10683,5.51,NOREPHEDRINE
M+H,184.0968,1.93,NORMETANEPHRINE
M+H-H2O,166.0863,1.93,NORMETANEPHRINE-H2O
M+Na,206.0788,1.93,NORMETANEPHRINE+Na
M+H,186.0162,0.68,O-PHOSPHO-L-SERINE
M+Na,207.9981,0.68,O-PHOSPHO-L-SERINE+Na
M+H,220.0816,1.73,O-SUCCINYL-L-HOMOSERINE
M+H-H2O,202.071,1.73,O-SUCCINYL-L-HOMOSERINE-H2O
M+Na,242.0635,1.73,O-SUCCINYL-L-HOMOSERINE+Na
M+H-NH3,411.3469,13.39,OCTADECANOYLCARNITINE-NH3
M+H,288.2169,9.01,OCTANOYLCARNITINE
,288.2175,8.83,OCTANOYLCARNITINE
,291.23499,8.87,OCTANOYLCARNITINE (N-methyl-D3)
M+Na,310.1989,9.01,OCTANOYLCARNITINE+Na
M+H,286.2013,8.7,OCTENOYLCARNITINE
M+Na,308.1832,8.7,OCTENOYLCARNITINE+Na
M+H,154.0863,1.11,OCTOPAMINE
M+H-H2O,136.0757,1.11,OCTOPAMINE-H2O
M+Na,176.0682,1.11,OCTOPAMINE+Na
M+H,217.1798,9.71,OMEGA-HYDROXYDODECANOIC ACID
M+H-H2O,199.1693,9.71,OMEGA-HYDROXYDODECANOIC ACID-H2O
M+H,290.1347,1.77,OPHTHALMIC ACID
M+Na,312.1166,1.77,OPHTHALMIC ACID+Na
,133.0972,0.64,ORNITHINE
M+H,157.0244,1.11,OROTATE
,98.98421,0.75,ORTHOPHOSPHATE
M+Na/M+Na,554.2801,7.75,OxLYSO PC (18:4(OH))/OxLysoPC (18:3(Ke))
M+H/M+H/M+Na/M+H,548.2947,13.05,"OxLYSO PC (18:4(OO))/OxLysoPC (18:3(Ke, OH))/OxoLysoPC (16:1(OO))/OxPC (18:2)"
M+H,588.2982,5.83,OxPC (20:3(KeKe))
M+Na/M+Na/M+Na/M+Na,734.3612,7.16,"OxPE (20:5(OO)_11:1(CHO))/OxPE (20:5(Ke)_11:0(COOH))/OxPE (17:2(Ke,OH)_14:3(CHO))/OxPE (20:4(Ke,OH)_11:1(CHO))"
M+H-H2O,325.1129,0.77,PALATINOSE-H2O
M+Na,365.1054,0.77,PALATINOSE+Na
,255.23117,13.54,PALMITOLEIC ACID
,400.3427,39.56,PALMITOYLCARNITINE
,403.35592,21.64,PALMITOYLCARNITINE ( N-methyl-D3)
M+Na,153.0522,6.47,PANTOLACTONE+Na
M+H,220.1179,5.55,PANTOTHENIC ACID
M+H,220.1179,5.56,PANTOTHENIC ACID
M+H-H2O,202.1074,5.55,PANTOTHENIC ACID-H2O
M+Na,242.0999,5.55,PANTOTHENIC ACID+Na
M+H,181.072,6.15,PARAXANTHINE
M+Na,203.0539,6.15,PARAXANTHINE+Na
M+H,760.5867,37.24,PC (34:1)
[M+Na],261.13058,5.85,PEG n5
M+H-H2O,85.0648,3.61,PENTANOATE
,313.1552,7.37,PHE PHE
M+H,122.0964,5.95,PHENETHYLAMINE
M+H-NH3,105.0699,5.95,PHENETHYLAMINE-NH3
M+H-NH3,134.0362,5.87,PHENYL ACETATE
M+H,136.0757,6.54,PHENYLACETAMIDE
M+H,265.1188,6.65,PHENYLACETYLGLUTAMINE
M+H,138.0913,4.5,PHENYLETHANOLAMINE
M+H-H2O,120.0808,4.5,PHENYLETHANOLAMINE-H2O
M+Na,160.0733,4.5,PHENYLETHANOLAMINE+Na
,127.03881,8.82,PHLOROGLUCINOL
M+H,168.9897,0.81,PHOSPHO(ENOL)PYRUVIC ACID
M+H-H2O,150.9791,0.81,PHOSPHO(ENOL)PYRUVIC ACID-H2O
,184.0733,0.73,PHOSPHOCHOLINE
M+H,212.0431,0.76,PHOSPHOCREATINE
M+Na,234.025,0.76,PHOSPHOCREATINE+Na
M+H,140.9947,0.72,PHOSPHONOACETATE
M+H-H2O,122.9842,0.72,PHOSPHONOACETATE-H2O
M+Na,162.9767,0.72,PHOSPHONOACETATE+Na
,167.03346,21.65,PHTALIC ACID
,279.1586,12.08,Phthalic acid mono-2-ethylhexyl ester (MEHP)
M+H,124.0393,1.31,PICOLINIC ACID
M+H-H2O,106.0287,1.31,PICOLINIC ACID-H2O
M+Na,146.0212,1.31,PICOLINIC ACID+Na
M+H,130.0863,1.27,PIPECOLIC ACID
M+K,168.0421,1.27,PIPECOLIC ACID+K
M+Na,152.0682,1.27,PIPECOLIC ACID+Na
M+H?,175.0245,2.37,PlaSMA ID-412
M+H,218.1387,5.59,PROPANOYLCARNITINE
M+Na,240.1206,5.59,PROPANOYLCARNITINE+Na
M+H,218.1387,5.59,PROPIONYLCARNITINE
,221.15693,5.62,PROPIONYLCARNITINE D3
M+Na,240.1206,5.59,PROPIONYLCARNITINE+Na
M+H-H2O,163.0601,0.74,PSICOSE-H2O
M+Na,203.0526,0.74,PSICOSE+Na
M+H,164.0567,3.2,PTERIN
M+Na,186.0386,3.2,PTERIN+Na
,153.1273,5.56,PULEGONE
,121.05087,2.93,PURINE
M+Na,143.0328,2.93,PURINE+Na
M+H,89.1073,0.59,PUTRESCINE
M+H-NH3,72.0808,0.59,PUTRESCINE-NH3
M+Na,111.0893,0.59,PUTRESCINE+Na
,80.04971,0.89,Pyridine
M+H,168.0291,1.49,"PYRIDINE-2,3-DICARBOXYLATE"
M+H-H2O,150.0186,1.49,"PYRIDINE-2,3-DICARBOXYLATE-H2O"
M+Na,190.0111,1.49,"PYRIDINE-2,3-DICARBOXYLATE+Na"
M+H,168.0655,1.77,PYRIDOXAL
M+H,248.0319,1.68,PYRIDOXAL 5'-PHOSPHATE
M+Na,270.0138,1.68,PYRIDOXAL 5'-PHOSPHATE+Na
M+H-H2O,150.055,1.77,PYRIDOXAL-H2O
M+K,206.0214,1.77,PYRIDOXAL+K
M+Na,190.0475,1.77,PYRIDOXAL+Na
M+H,169.0972,0.72,PYRIDOXAMINE
,249.0643,11.55,PYRIDOXAMINE 5'-PHOSPHATE
M+H-H2O,151.0866,0.72,PYRIDOXAMINE-H2O
M+H-NH3,152.0706,0.72,PYRIDOXAMINE-NH3
M+Na,191.0791,0.72,PYRIDOXAMINE+Na
M+H,170.0812,2.7,PYRIDOXINE
M+H-H2O,152.0706,2.7,PYRIDOXINE-H2O
M+Na,192.0631,2.7,PYRIDOXINE+Na
,130.04997,1.7,PYROGLUTAMIC ACID
M+H,112.0393,6.17,PYRROLE-2-CARBOXYLATE
M+H,193.0707,0.79,QUINATE
M+H-H2O,175.0601,0.79,QUINATE-H2O
M+Na,215.0526,0.79,QUINATE+Na
M+H,130.0651,5.83,QUINOLINE
,303.253,12.76,RAC-GLYCEROL 1-MYRISTATE
M+Na,527.1583,0.88,RAFFINOSE
M+H,347.2217,9.48,REICHSTEINS SUBSTANCE S
M+H,153.0546,8.51,RESORCINOL MONOACETATE
M+H,153.0757,0.7,RIBITOL
M+H-H2O,135.0652,0.7,RIBITOL_H2O
M+Na,175.0577,0.7,RIBITOL+Na
M+H,377.1456,6.68,RIBOFLAVIN
M+Na,399.1275,6.68,RIBOFLAVIN+Na
M+H,231.02654,0.68,RIBULOSE 5-PHOSPHATE
[M+Na],253.00838,0.68,RIBULOSE 5-PHOSPHATE+Na
M+H,361.0918,8.11,ROSMARINIC ACID
M+H,385.1289,4.41,S-(5'-ADENOSYL)-L-HOMOCYSTEINE
M+Na,407.1108,4.41,S-(5'-ADENOSYL)-L-HOMOCYSTEINE+Na
M+H,399.1445,0.78,S-(5'-ADENOSYL)-L-METHIONINE
M+H,180.0325,0.82,S-CARBOXYMETHYL-L-CYSTEINE
M+H-NH3,163.006,0.82,S-CARBOXYMETHYL-L-CYSTEINE-NH3
M+Na,202.0144,0.82,S-CARBOXYMETHYL-L-CYSTEINE+Na
M+H,392.185,7.87,S-HEXYL-GLUTATHIONE
M+Na,414.1669,7.87,S-HEXYL-GLUTATHIONE+Na
M+H,138.055,7.36,SALICYLAMIDE
M+H-NH3,121.0284,7.36,SALICYLAMIDE-NH3
M+H,180.1015,4.48,SALSOLINOL
M+H,90.055,0.68,SARCOSINE
M+H-H2O,72.0444,0.68,SARCOSINE-H2O
M+Na,112.0369,0.68,SARCOSINE+Na
M+H,192.0087,1.7,SELENOMETHIONINE
M+H-NH3,174.9822,1.7,SELENOMETHIONINE-NH3
M+H,177.1022,5.69,SEROTONIN
M+H-NH3,160.0757,5.69,SEROTONIN-NH3
M+H-H2O,157.0495,1,SHIKIMATE-H2O
M+Na,197.042,1,SHIKIMATE+Na
M+H,258.1101,0.72,SN-GLYCERO-3-PHOSPHOCHOLINE
M+K,296.066,0.72,SN-GLYCERO-3-PHOSPHOCHOLINE+K
M+Na,280.092,0.72,SN-GLYCERO-3-PHOSPHOCHOLINE+Na
M+H,173.021,0.79,SN-GLYCEROL 3-PHOSPHATE
M+H-H2O,95.0491,7.94,SORBATE
M+H,146.1652,0.56,SPERMIDINE
M+H-NH3,129.1386,0.56,SPERMIDINE-NH3
M+Na,168.1471,0.56,SPERMIDINE+Na
M+H,203.223,0.56,SPERMINE
M+H-NH3,186.1965,0.56,SPERMINE-NH3
,302.3054,11.8,SPHINGANINE
M+H,300.2905,12.17,SPHINGOSINE (d18:1)
,144.10167,0.94,STACHYDRINE
M+Na,689.2111,0.83,STACHYOSE
,307.1012,6.82,STARCH ACETATE
M+H,175.0965,7.78,SUBERIC ACID
M+H-H2O,157.0859,7.78,SUBERIC ACID-H2O
M+H,119.0339,2.21,SUCCINATE
M+H-H2O,101.0233,2.21,SUCCINATE-H2O
M+Na,141.0158,2.21,SUCCINATE+Na
M+H,123.059,2.15,"SUCCINIC ACID-2,2,3,3,-D4"
M+H,262.1285,5.21,SUCCINYLCARNITINE
M+Na,284.1105,5.21,SUCCINYLCARNITINE+Na
M+H,343.1235,0.82,SUCROSE
M+H-H2O,325.1129,0.82,SUCROSE-H2O
M+Na,365.1054,0.82,SUCROSE+Na
,129.12723,7.46,SULCATOL
,199.0601,6.04,SYRINGIC ACID
M+Na,173.00566,0.85,TARTARIC ACID+Na
M+Na,173.0057,0.78,TARTARIC ACID+Na
M+H,126.0219,0.65,TAURINE
M+H-H2O,108.0114,0.65,TAURINE-H2O
M+Na,148.0039,0.65,TAURINE+Na
M+H,500.3023,9.04,TAUROCHENODEOXYCHOLIC ACID
M+H,500.304,9.04,TAUROCHENODEOXYCHOLIC ACID
M+H-2H2O,464.2813,9.04,TAUROCHENODEOXYCHOLIC ACID-2H2O
Dimer,999.5997,9.04,TAUROCHENODEOXYCHOLIC ACID-dimer
M+H-H2O,482.2918,9.04,TAUROCHENODEOXYCHOLIC ACID-H2O
M+H-H2O,482.2935,9.04,TAUROCHENODEOXYCHOLIC ACID-H2O
M+K,538.2498,9.04,TAUROCHENODEOXYCHOLIC ACID+K
M+Na,522.286,9.04,TAUROCHENODEOXYCHOLIC ACID+Na
M+NH4,517.3293,9.04,TAUROCHENODEOXYCHOLIC ACID+NH4
M+H,516.299,8.41,TAUROCHOLIC ACID (TCA)
M+H-2H2O,480.2769,8.41,TAUROCHOLIC ACID (TCA)-2H2O
M+H-H2O,498.2884,8.41,TAUROCHOLIC ACID (TCA)-H2O
M+K,554.2445,8.41,TAUROCHOLIC ACID (TCA)+K
M+Na,538.2809,8.41,TAUROCHOLIC ACID (TCA)+Na
M+NH4,533.3238,8.41,TAUROCHOLIC ACID (TCA)+NH4
M+H,500.304,8.46,TAURODEOXYCHOLIC ACID
M+H,500.304,9.17,TAURODEOXYCHOLIC ACID (T-DCA)
M+H-2H2O,464.2816,9.17,TAURODEOXYCHOLIC ACID (T-DCA)-2H2O
M+H-H2O,482.2935,9.17,TAURODEOXYCHOLIC ACID (T-DCA)-H2O
M+K,538.2493,9.17,TAURODEOXYCHOLIC ACID (T-DCA)+K
M+Na,522.286,9.17,TAURODEOXYCHOLIC ACID (T-DCA)+Na
M+NH4,517.3291,9.17,TAURODEOXYCHOLIC ACID (T-DCA)+NH4
M+H-H2O,482.2935,8.46,TAURODEOXYCHOLIC ACID-H2O
M+Na,522.286,8.46,TAURODEOXYCHOLIC ACID+Na
M+H,484.3091,10.11,TAUROLITHOCHOLATE
M+H-H2O,466.2986,10.11,TAUROLITHOCHOLATE-H2O
M+Na,506.2911,10.11,TAUROLITHOCHOLATE+Na
M+H,484.3091,10,TAUROLITHOCHOLIC ACID (T-LCA)
M+H-H2O,466.2986,10,TAUROLITHOCHOLIC ACID (T-LCA)-H2O
M+K,522.2546,10,TAUROLITHOCHOLIC ACID (T-LCA)+K
M+Na,506.2911,10,TAUROLITHOCHOLIC ACID (T-LCA)+Na
M+NH4,501.3341,10,TAUROLITHOCHOLIC ACID (T-LCA)+NH4
Dimer,967.6097,10.03,TAUROLITHOCHOLIC ACID-dimer
M+H,516.299,7.92,TAUROMURICHOLIC ACID
M+H,516.299,7.98,TAUROMURICHOLIC ACID
M+H-H2O,498.2884,7.98,TAUROMURICHOLIC ACID-H2O
M+H-H2O,498.2884,7.92,TAUROMURICHOLIC ACID+H2O
M+Na,538.2809,7.92,TAUROMURICHOLIC ACID+Na
M+Na,538.2809,7.98,TAUROMURICHOLIC ACID+Na
M+H,500.304,8.47,TAUROURSODEOXYCHOLIC ACID (T-UDCA)
M+H-2H2O,464.2816,8.47,TAUROURSODEOXYCHOLIC ACID (T-UDCA)-2H2O
M+H-H2O,482.2935,8.47,TAUROURSODEOXYCHOLIC ACID (T-UDCA)-H2O
M+K,538.2493,8.47,TAUROURSODEOXYCHOLIC ACID (T-UDCA)+K
M+Na,522.286,8.47,TAUROURSODEOXYCHOLIC ACID (T-UDCA)+Na
M+NH4,517.3291,8.47,TAUROURSODEOXYCHOLIC ACID (T-UDCA)+NH4
,305.0644,7.81,TAXIFOLIN
,357.279,10.82,TETRACOSAHEXAENOIC ACID
M+H,370.2952,13.65,TETRADECENOYLCARNITINE
M+Na,392.2771,13.65,TETRADECENOYLCARNITINE+Na
,105.037,2.13,TETRAHYDROTHIOPHENE-1-OXIDE
,217.17938,11.02,TEXANOL
M+H,181.072,5.85,THEOBROMINE
M+Na,203.0539,5.85,THEOBROMINE+Na
,181.0716,6.11,THEOPHYLLINE
M-e,265.1118,1.1,THIAMINE
M+H,345.0781,0.83,THIAMINE MONOPHOSPHATE
M+Na,367.06,0.83,THIAMINE MONOPHOSPHATE+Na
M+H,425.0444,0.79,THIAMINE PYROPHOSPHATE
M+Na,447.0264,0.79,THIAMINE PYROPHOSPHATE+Na
M+H,167.0386,6.51,THIOPURINE S-METHYLETHER
M+K,204.9945,6.51,THIOPURINE S-METHYLETHER+K
M+Na,189.0205,6.51,THIOPURINE S-METHYLETHER+Na
M+H,77.0168,0.81,THIOUREA
,120.06552,0.72,THREONINE
M+H,243.0975,5.48,THYMIDINE
M+H,323.0639,3.28,THYMIDINE 5'-MONOPHOSPHATE
M+Na,345.0458,3.28,THYMIDINE 5'-MONOPHOSPHATE+Na
M+H-H2O,225.087,5.48,THYMIDINE-H2O
M+Na,265.0795,5.48,THYMIDINE+Na
M+H,127.0502,3.23,THYMINE
M+Na,149.0321,3.23,THYMINE+Na
M+H-H2O,151.1117,7.96,THYMOL
M+H,363.1775,5.24,THYROTROPIN RELEASING HORMONE
M+Na,385.1595,5.24,THYROTROPIN RELEASING HORMONE+Na
M+H,244.1543,6.52,TIGLYLCARNITINE
M+Na,266.1363,6.52,TIGLYLCARNITINE+Na
M+H,76.07624,0.8,TMAO
M+H,132.0655,0.68,TRANS-4-HYDROXYPROLINE
M+Na,154.0475,0.68,TRANS-4-HYDROXYPROLINE+Na
M+H,175.0237,1.03,TRANS-ACONITATE
M+H,175.0237,2.44,TRANS-ACONITATE
M+H,175.02371,3.13,TRANS-ACONITATE
M+H-H2O,157.0131,1.03,TRANS-ACONITATE-H2O
M+H-H2O,157.0131,3.13,TRANS-ACONITATE-H2O
M+H-H2O,157.0131,2.44,TRANS-ACONITATE-H2O
M+Na,197.00566,1.03,TRANS-ACONITATE+Na
M+Na,197.0057,3.13,TRANS-ACONITATE+Na
M+Na,197.0057,2.44,TRANS-ACONITATE+Na
,133.0648,6.46,TRANS-CINNAMALDEHYDE
M+H,149.0597,9.21,TRANS-CINNAMATE
M+H-H2O,131.0491,9.21,TRANS-CINNAMATE-H2O
M+Na,139.073,5.15,"TRANS-CYCLOHEXANE-1,2-DIOL"
,372.1584,8.44,TRAZODONE
M+H-H2O,325.1129,0.74,TREHALOSE-H2O
M+Na,365.1054,0.74,TREHALOSE+Na
,150.11229,0.74,TRIETHANOLAMINE
,183.07794,7.75,TRIETHYLPHOSPHATE
M+H,138.055,0.87,TRIGONELLINE
M+K,176.0108,0.87,TRIGONELLINE+K
M+Na,160.0369,0.87,TRIGONELLINE+Na
,331.24756,12.75,Trihydroxy octadecenoic acid
M+H,189.1598,0.67,TRIMETHYLLYSINE
M+H,189.1598,0.78,TRIMETHYLLYSINE
M+K,227.1156,0.67,TRIMETHYLLYSINE+K
M+Na,211.1417,0.67,TRIMETHYLLYSINE+Na
M+H,161.1073,6.71,TRYPTAMINE
M+H-NH3,144.0808,6.71,TRYPTAMINE-NH3
M+H,138.0913,4.09,TYRAMINE
M+H-NH3,121.0648,4.09,TYRAMINE-NH3
M+H,139.07576,12.97,TYROSOL
M+H,113.0346,1.31,URACIL
M+Na,135.0165,1.31,URACIL+Na
M+H,169.03562,1.81,URATE
M+H,147.0764,1.84,UREIDOISOBUTRYATE
M+H,245.0768,2.77,URIDINE
M+H,608.0888,1.1,URIDINE 5'-DIPHOSPHO-N-ACETYLGALACTOSAMINE
M+Na,630.0708,1.1,URIDINE 5'-DIPHOSPHO-N-ACETYLGLUCOSAMINE
M+H,325.04314,1.25,URIDINE-5-MONOPHOSPHATE
M+Na,267.0588,2.77,URIDINE+Na
M+H,139.0502,1.86,UROCANATE
M+H-H2O,121.0396,1.86,UROCANATE-H2O
M+Na,161.0321,1.86,UROCANATE+Na
M+Na,431.2768,8.88,URSOCHOLIC ACID
M+H-2H2O,357.2777,10.09,URSODEOXYCHOLIC ACID-2H2O
M+H-H2O,375.2883,10.09,URSODEOXYCHOLIC ACID-H2O
M+H-H2O,375.2894,10.09,URSODEOXYCHOLIC ACID-H2O
M+H,246.17,6.83,VALERYLCARNITINE
M+Na,268.1519,6.83,VALERYLCARNITINE+Na
,137.0596,4.53,VANILLAMINE
M+H,153.0546,7.47,VANILLIN
M+H,153.0407,2.44,XANTHINE
M+H,285.083,5.51,XANTHOSINE
,365.0493,2.34,XANTHOSINE 5'-MONOPHOSPHATE
M+Na,307.0649,5.51,XANTHOSINE+Na
M+H,206.0448,6.23,XANTHURENIC ACID
M+Na,228.0267,6.23,XANTHURENIC ACID+Na
M+H,153.0757,0.7,XYLITOL
M+H-H2O,135.0652,0.7,XYLITOL-H2O
M+Na,175.0577,0.7,XYLITOL+Na